experiment_id,Ax,Ay,Az
0,-2.2506306,0.0017316886,-0.00084561267
1,-1.9694092,-0.8436043,-0.5588823
2,-1.9689606,-0.84365344,-0.27951264
3,-1.9688603,-0.84385425,-9.5868985e-05
4,-1.969061,-0.8442291,0.27772307
5,-1.9691347,-0.8442783,0.55606645
6,-1.9689339,-0.5626082,-0.8370536
7,-1.9685837,-0.5624832,-0.5574586
8,-1.9686595,-0.56235826,-0.2786625
9,-1.9690856,-0.56228244,-0.00022082626
10,-1.9690856,-0.56258357,0.2776227
11,-1.9688603,-0.56245863,0.55664206
12,-1.9686841,-0.56258357,0.83496493
13,-1.9689852,-0.28053862,-0.8362772
14,-1.9685591,-0.28091347,-0.5570837
15,-1.9683092,-0.28033787,-0.2780623
16,-1.9684341,-0.2807373,0.00030358462
17,-1.9685591,-0.28011253,0.2781246
18,-1.968385,-0.2804874,0.5563676
19,-1.9685591,-0.28013712,0.83491373
20,-1.9686348,0.000981945,-0.8364288
21,-1.9682846,0.0016558949,-0.55750775
22,-1.9684588,0.0016558949,-0.27821186
23,-1.9684095,0.0016825252,0.0004797539
24,-1.9685099,0.0018320641,0.27809796
25,-1.9685837,0.0018320641,0.5565171
26,-1.9683337,0.0021577724,0.83498955
27,-1.9684833,0.28254962,-0.8366275
28,-1.9681351,0.28242466,-0.5570325
29,-1.9681104,0.28207436,-0.2784372
30,-1.9685591,0.28192484,0.00017862734
31,-1.9682088,0.28217474,0.27854863
32,-1.9685345,0.2822997,0.5566912
33,-1.96826,0.28240007,0.83521485
34,-1.9689339,0.5625461,-0.8368774
35,-1.9686595,0.5627469,-0.5573828
36,-1.9684588,0.56219584,-0.27863795
37,-1.9684341,0.5624457,-7.128722e-05
38,-1.9684588,0.56236994,0.27784804
39,-1.9683092,0.56232077,0.5563676
40,-1.96826,0.5623966,0.8346884
41,-1.9689339,0.84259176,-0.5570837
42,-1.9688603,0.8425651,-0.2784372
43,-1.968809,0.8427413,-0.00017166274
44,-1.9687352,0.84251595,0.27792382
45,-1.9684588,0.8425651,0.55624264
46,-1.6873417,-1.407344,-0.27851298
47,-1.687692,-1.4076697,-0.000245408
48,-1.687817,-1.4076184,0.27784804
49,-1.6873417,-1.1259238,-0.8372789
50,-1.6875159,-1.1262003,-0.55793387
51,-1.6873417,-1.1256492,-0.27881205
52,-1.687141,-1.1258501,0.00027900285
53,-1.6871902,-1.1257743,0.2775981
54,-1.687141,-1.1256984,0.55611765
55,-1.6874155,-1.1255735,0.8348892
56,-1.6878415,-0.844055,-1.1154215
57,-1.68744,-0.84430486,-0.836228
58,-1.68744,-0.8437538,-0.5570837
59,-1.68744,-0.8435285,-0.27833682
60,-1.6876408,-0.8438788,0.00035479662
61,-1.6873417,-0.8438788,0.2777743
62,-1.6874155,-0.84400374,0.5560173
63,-1.6873151,-0.84385425,0.8348892
64,-1.6873662,-0.8439546,1.113507
65,-1.6876162,-0.56200796,-1.1152228
66,-1.687016,-0.56235826,-0.836228
67,-1.6874155,-0.5620837,-0.5568318
68,-1.6869894,-0.56175804,-0.27801314
69,-1.6872659,-0.56183386,0.00040396012
70,-1.6871902,-0.5618072,0.2783745
71,-1.6874155,-0.5618072,0.5563164
72,-1.6869156,-0.56183386,0.83498955
73,-1.6873151,-0.56228244,1.1133554
74,-1.6872905,-0.2804874,-1.3939903
75,-1.6867661,-0.2802129,-1.114973
76,-1.6873662,-0.279963,-0.8357774
77,-1.6869915,-0.2799138,-0.5568338
78,-1.6870651,-0.279963,-0.27783698
79,-1.6867907,-0.28006336,5.3670054e-05
80,-1.6866391,-0.27983803,0.27834788
81,-1.6866411,-0.2798872,0.55646795
82,-1.6869402,-0.28006336,0.8354136
83,-1.6870651,-0.27998757,1.1131567
84,-1.6866903,-0.28003675,1.392424
85,-1.6867661,0.0018812277,-1.3938652
86,-1.6867394,0.0018812277,-1.1141986
87,-1.68634,0.0019816032,-0.8357774
88,-1.6872413,0.001907858,-0.55685836
89,-1.686465,0.0022560996,-0.27828765
90,-1.6867907,0.002407687,0.00022983934
91,-1.6867394,0.0027313468,0.27799758
92,-1.6867907,0.0024568506,0.5569166
93,-1.6869156,0.0022827298,0.8351145
94,-1.6869915,0.002206936,1.1137816
95,-1.6871655,0.0022827298,1.3925489
96,-1.6869402,0.28285074,-1.3938919
97,-1.6870651,0.28285074,-1.1146984
98,-1.6869915,0.28225052,-0.83602726
99,-1.6868153,0.28235093,-0.5567826
100,-1.6868153,0.28279954,-0.27803773
101,-1.6869915,0.28252503,-0.00017166274
102,-1.6866903,0.28247586,0.27807337
103,-1.6869156,0.28275037,0.5561423
104,-1.6867661,0.28275037,0.8346884
105,-1.6867907,0.28277496,1.1134558
106,-1.6871655,0.28267458,1.3917745
107,-1.6871655,0.5627448,-1.115147
108,-1.6866658,0.56302136,-0.83585316
109,-1.6872905,0.56272024,-0.5574832
110,-1.6870898,0.56267107,-0.2780869
111,-1.6874155,0.5622716,0.00017862734
112,-1.687016,0.5623453,0.27807337
113,-1.6867394,0.56272024,0.55629176
114,-1.6868398,0.5628452,0.834838
115,-1.6871902,0.56261986,1.1132817
116,-1.6878415,0.84299123,-1.1156981
117,-1.6873151,0.8427413,-0.8360785
118,-1.6870898,0.84276587,-0.55690753
119,-1.6871655,0.84264094,-0.27828765
120,-1.687141,0.8427905,-9.5868985e-05
121,-1.6871655,0.8429666,0.2778972
122,-1.6870898,0.84294206,0.55639213
123,-1.6868398,0.84294,0.8347642
124,-1.687141,0.84329027,1.1133821
125,-1.6873662,1.1231843,-0.8364534
126,-1.6874155,1.1228095,-0.5573828
127,-1.6866145,1.1229099,-0.27871168
128,-1.6870651,1.1227357,-0.00034578354
129,-1.6871902,1.1231107,0.2776227
130,-1.6868911,1.1231352,0.5561423
131,-1.687141,1.1234343,0.83456343
132,-1.6873151,1.403357,-0.27883664
133,-1.6872168,1.403781,-0.00017166274
134,-1.687565,1.4035311,0.2778972
135,-1.4062452,-1.6891903,-0.27926272
136,-1.406194,-1.6891636,-0.00057111634
137,-1.406321,-1.6892394,0.27757356
138,-1.4060445,-1.4076184,-0.8378791
139,-1.4060198,-1.4077188,-0.55778223
140,-1.4063189,-1.4074444,-0.27881205
141,-1.4059707,-1.4076697,-0.0005219528
142,-1.4060445,-1.4075693,0.27757356
143,-1.4058458,-1.4071186,0.5561668
144,-1.4058458,-1.407344,0.83451426
145,-1.4057945,-1.1255488,-1.1158968
146,-1.4061202,-1.1258992,-0.83672786
147,-1.4059707,-1.1255243,-0.5570325
148,-1.40577,-1.1259238,-0.27861336
149,-1.4059952,-1.1256739,0.000104882056
150,-1.4055958,-1.1258746,0.27844825
151,-1.4058458,-1.1254752,0.5562672
152,-1.4058703,-1.1254239,0.8346884
153,-1.4058949,-1.1255243,1.1135316
154,-1.4059194,-0.8441533,-1.3945413
155,-1.4061202,-0.8441533,-1.115147
156,-1.4060711,-0.8442783,-0.83655375
157,-1.4058458,-0.84365344,-0.5571329
158,-1.405395,-0.84347934,-0.2781381
159,-1.4057454,-0.844055,0.00020525757
160,-1.4053439,-0.8437047,0.2782475
161,-1.4057454,-0.8436043,0.5565683
162,-1.40577,-0.8435797,0.83496493
163,-1.4059194,-0.8436043,1.1133308
164,-1.406196,-0.84355307,1.3923748
165,-1.4055692,-0.5622579,-1.393941
166,-1.4056696,-0.5616085,-1.1150466
167,-1.4056205,-0.5622579,-0.83602726
168,-1.4055201,-0.56183386,-0.55658185
169,-1.4056941,-0.56175804,-0.27798653
170,-1.4055201,-0.5618072,0.0005043357
171,-1.4054954,-0.5614569,0.27799758
172,-1.4057208,-0.5616331,0.5564413
173,-1.4051206,-0.56200796,0.8344897
174,-1.4054708,-0.5616331,1.1137058
175,-1.4055692,-0.56193423,1.3920491
176,-1.4056696,-0.28033787,-1.673112
177,-1.4056696,-0.279963,-1.3936154
178,-1.4055692,-0.2795881,-1.1143727
179,-1.4055446,-0.27966186,-0.8354271
180,-1.4055692,-0.27971306,-0.5564835
181,-1.4052455,-0.27971306,-0.27786157
182,-1.4052701,-0.27978683,0.00040396012
183,-1.404969,-0.27963728,0.2777743
184,-1.4055692,-0.27941194,0.5567424
185,-1.4054443,-0.27928698,0.8346884
186,-1.4053705,-0.27946317,1.113507
187,-1.405219,-0.27928698,1.392
188,-1.4048195,-0.27923784,1.6708226
189,-1.405645,0.0018320641,-1.6730117
190,-1.4053439,0.0023073114,-1.3931668
191,-1.4056205,0.0021577724,-1.1143482
192,-1.4053439,0.0023073114,-0.83555204
193,-1.405395,0.0025326442,-0.55605745
194,-1.4055446,0.0022827298,-0.27756247
195,-1.4051206,0.002356475,0.0005043357
196,-1.4051206,0.0027067652,0.27819833
197,-1.4055692,0.0024322688,0.5568428
198,-1.4050939,0.0025326442,0.8350633
199,-1.405219,0.0027067652,1.1136074
200,-1.4052701,0.003132849,1.3926247
201,-1.405221,0.0029075162,1.6715478
202,-1.40577,0.2831744,-1.6731366
203,-1.4051206,0.28302488,-1.3930417
204,-1.4054197,0.2830003,-1.1143235
205,-1.4052701,0.28289992,-0.8354271
206,-1.4052701,0.2829757,-0.55645686
207,-1.4054197,0.2831744,-0.27783698
208,-1.4050694,0.28312525,0.00020525757
209,-1.4052947,0.2829757,0.27844825
210,-1.4051452,0.28322563,0.55669326
211,-1.4056696,0.28322563,0.83523947
212,-1.4053193,0.2828241,1.1135828
213,-1.4055446,0.28327477,1.3921986
214,-1.4053705,0.28335056,1.6714474
215,-1.4057945,0.562921,-1.3933163
216,-1.4061694,0.562921,-1.1145735
217,-1.4057454,0.56277144,-0.83560324
218,-1.405645,0.5626956,-0.55693215
219,-1.4056696,0.56272024,-0.27786362
220,-1.4057454,0.56307054,0.00015404557
221,-1.4054197,0.5631463,0.2781246
222,-1.4056205,0.5628718,0.5564413
223,-1.4053705,0.56294554,0.8346884
224,-1.4055446,0.5624703,1.1134825
225,-1.4053439,0.56277144,1.3922253
226,-1.4061449,0.8430916,-1.3941418
227,-1.4056696,0.8427167,-1.1148971
228,-1.4055446,0.8434173,-0.8362772
229,-1.4058458,0.8427905,-0.55680716
230,-1.4054443,0.8430158,-0.27818727
231,-1.4055958,0.8434173,-0.0001450325
232,-1.4055692,0.84299123,0.27822292
233,-1.405395,0.8429154,0.5563164
234,-1.4055692,0.84286624,0.83493835
235,-1.4059687,0.84316534,1.1135828
236,-1.4060198,0.84346646,1.3918258
237,-1.4059687,1.1231598,-1.1151983
238,-1.4060956,1.123336,-0.83567905
239,-1.4055958,1.123336,-0.5566085
240,-1.40577,1.1235858,-0.2784126
241,-1.4059441,1.1234096,0.00027900285
242,-1.4058703,1.1234096,0.27799758
243,-1.4057454,1.123086,0.5564925
244,-1.4055958,1.1236596,0.83451426
245,-1.4058458,1.1235858,1.1134558
246,-1.4058703,1.4037831,-0.8364288
247,-1.4062206,1.4036827,-0.5574074
248,-1.4058703,1.4037565,-0.2786871
249,-1.4059194,1.4035311,-0.00017166274
250,-1.4057945,1.4031563,0.2782987
251,-1.4062206,1.4034061,0.5559927
252,-1.4058949,1.4040064,0.83463925
253,-1.406196,1.6841258,-0.27846175
254,-1.4060445,1.6842262,-0.00012045074
255,-1.4059707,1.6842016,0.27792382
256,-1.1248004,-1.6890386,-0.83720315
257,-1.1247492,-1.6892885,-0.55768186
258,-1.1247739,-1.6888399,-0.27856213
259,-1.1247246,-1.6889383,-0.0003703653
260,-1.1248496,-1.6890386,0.27789927
261,-1.1243744,-1.6889648,0.5561423
262,-1.1247001,-1.6889648,0.83456343
263,-1.1249254,-1.4071698,-1.115948
264,-1.1245239,-1.4072436,-0.83655375
265,-1.1244235,-1.4075447,-0.5573582
266,-1.1244993,-1.4074444,-0.27828765
267,-1.1247001,-1.407344,2.9088294e-05
268,-1.1242986,-1.4072436,0.27852404
269,-1.1245505,-1.4071186,0.5565929
270,-1.124274,-1.4071432,0.83461463
271,-1.1245997,-1.4071698,1.1135316
272,-1.124399,-1.1254239,-1.394316
273,-1.1245997,-1.1254239,-1.1148726
274,-1.1242493,-1.1254239,-0.8357282
275,-1.1241736,-1.1256492,-0.5566822
276,-1.124274,-1.1254485,-0.27748668
277,-1.1241757,-1.1255243,0.00035479662
278,-1.124274,-1.1253994,0.27862236
279,-1.1242493,-1.1256739,0.5567916
280,-1.1242493,-1.1247255,0.83543813
281,-1.1244255,-1.1253502,1.1141073
282,-1.1243252,-1.1252744,1.3923502
283,-1.1242248,-0.8441041,-1.6730117
284,-1.1244993,-0.84365344,-1.3935416
285,-1.124399,-0.84350395,-1.1147722
286,-1.1241757,-0.8436289,-0.83527756
287,-1.1241736,-0.8435285,-0.5566822
288,-1.124149,-0.8437538,-0.2777878
289,-1.1238991,-0.8435797,0.0006538747
290,-1.1237987,-0.8436289,0.27869815
291,-1.1240999,-0.8434036,0.55711734
292,-1.1241757,-0.84350395,0.83551395
293,-1.1240753,-0.8436289,1.1134558
294,-1.1242493,-0.8436043,1.392299
295,-1.124149,-0.8436289,1.6712466
296,-1.1243744,-0.5621575,-1.672862
297,-1.1244993,-0.56165767,-1.3933408
298,-1.1243252,-0.56193423,-1.1141965
299,-1.124024,-0.56165767,-0.83527756
300,-1.1242002,-0.5613074,-0.55623156
301,-1.124149,-0.56170887,-0.27756247
302,-1.1241736,-0.56148356,0.00045517212
303,-1.1237742,-0.5615081,0.27852404
304,-1.1239749,-0.5609837,0.55699235
305,-1.1240486,-0.56165767,0.83498955
306,-1.1240999,-0.56148356,1.1140827
307,-1.1243252,-0.5613832,1.39285
308,-1.1239749,-0.56140774,1.6712979
309,-1.1238991,-0.2798626,-1.6723869
310,-1.1239995,-0.27971306,-1.3929906
311,-1.1238745,-0.2795881,-1.1139978
312,-1.124024,-0.27983803,-0.83492726
313,-1.1234485,-0.27976224,-0.5565081
314,-1.1239237,-0.27966186,-0.2774621
315,-1.1239237,-0.27951232,0.0007542502
316,-1.1237742,-0.2796127,0.27844825
317,-1.12385,-0.27941194,0.5569678
318,-1.1239237,-0.2795369,0.83538896
319,-1.1239749,-0.27946317,1.1140069
320,-1.1237249,-0.2795369,1.3925755
321,-1.1239749,-0.2795369,1.6711217
322,-1.1241757,0.001907858,-1.6720858
323,-1.1239482,0.002206936,-1.3931155
324,-1.1239237,0.0022560996,-1.1136987
325,-1.1237742,0.0022560996,-0.83520174
326,-1.1238253,0.0024814324,-0.5562336
327,-1.1238745,0.0019570214,-0.2775379
328,-1.1237496,0.0023318932,0.00055349915
329,-1.1237987,0.0028829344,0.27914882
330,-1.1238745,0.0026576016,0.55676705
331,-1.1231985,0.0027333954,0.8351882
332,-1.124024,0.0026576016,1.1141318
333,-1.1237742,0.0025818078,1.3927251
334,-1.1238991,0.0028829344,1.6718223
335,-1.1242493,0.28307608,-1.6722618
336,-1.1241244,0.28289992,-1.3930664
337,-1.1240507,0.28312525,-1.1136967
338,-1.1242248,0.28302488,-0.83515257
339,-1.1237249,0.28254962,-0.55628276
340,-1.12385,0.28285074,-0.27776325
341,-1.1237249,0.28269917,-9.5868985e-05
342,-1.1237496,0.28337514,0.278649
343,-1.1236246,0.28279954,0.5567916
344,-1.1240999,0.28294906,0.8351145
345,-1.12385,0.2829757,1.1139823
346,-1.1238991,0.28285074,1.3926759
347,-1.1235242,0.28265,1.671597
348,-1.1240753,0.5630459,-1.672436
349,-1.124149,0.56277144,-1.3933163
350,-1.1241244,0.5628206,-1.1143727
351,-1.124024,0.5626956,-0.8354783
352,-1.1240486,0.5632713,-0.5566085
353,-1.1239749,0.562921,-0.27748668
354,-1.1237249,0.5628698,0.00027900285
355,-1.1237987,0.56322,0.27839908
356,-1.1242986,0.5623966,0.55646795
357,-1.1237742,0.5630951,0.83521485
358,-1.1243497,0.5632713,1.1137323
359,-1.1243252,0.56307054,1.3926247
360,-1.1239504,0.56297016,1.6711975
361,-1.1241736,0.84316534,-1.6726367
362,-1.1241244,0.84299123,-1.393265
363,-1.1243497,0.8429154,-1.1144977
364,-1.1241736,0.8429666,-0.83525294
365,-1.124149,0.84299123,-0.5566822
366,-1.1240999,0.8431407,-0.27793735
367,-1.1238991,0.84344184,0.00067845645
368,-1.1241244,0.84311616,0.27789927
369,-1.1239504,0.8431407,0.55664206
370,-1.1236492,0.84304035,0.8351882
371,-1.1239995,0.84346646,1.113632
372,-1.1239995,0.84346646,1.3923994
373,-1.1238745,0.84329027,1.6711729
374,-1.1243252,1.1236104,-1.3934412
375,-1.1242248,1.1234609,-1.1143215
376,-1.1243252,1.1233093,-0.83562785
377,-1.1244235,1.1234363,-0.5567334
378,-1.1242002,1.1230348,-0.27791277
379,-1.1241736,1.1235592,2.9088294e-05
380,-1.1240486,1.1234609,0.2786736
381,-1.1239995,1.1237845,0.5567424
382,-1.1242002,1.1231107,0.8350633
383,-1.1242248,1.1238111,1.1138327
384,-1.1241736,1.1236862,1.3924751
385,-1.1244501,1.4036827,-1.114723
386,-1.1245997,1.404158,-0.8357774
387,-1.1242986,1.4036314,-0.5570079
388,-1.1242986,1.4038814,-0.27823642
389,-1.1246755,1.4037073,0.00035479662
390,-1.1241736,1.4034574,0.2779484
391,-1.124149,1.4042829,0.5564925
392,-1.1243006,1.4039572,0.83533984
393,-1.1245751,1.4036314,1.1136565
394,-1.1247246,1.6841258,-0.83650255
395,-1.1246243,1.6842507,-0.5571083
396,-1.124399,1.6842016,-0.27838802
397,-1.1243744,1.6842507,0.00012946382
398,-1.1242002,1.6842016,0.27814916
399,-1.1247492,1.6841258,0.5561914
400,-1.124399,1.6839005,0.83496493
401,-0.84312826,-1.9704096,-0.5570325
402,-0.8430279,-1.9702109,-0.27851298
403,-0.8431529,-1.9705613,0.00020525757
404,-0.8429275,-1.9701351,0.27807337
405,-0.84295416,-1.9706596,0.55641675
406,-0.8427534,-1.6888645,-1.1156981
407,-0.8428292,-1.6890386,-0.8361789
408,-0.8427534,-1.6890632,-0.5569588
409,-0.84307915,-1.6884897,-0.2778124
410,-0.84265304,-1.6888399,0.00015404557
411,-0.8426285,-1.6890632,0.2783233
412,-0.8430279,-1.6885388,0.5567916
413,-0.8428026,-1.6885142,0.83493835
414,-0.8428026,-1.6885388,1.1137323
415,-0.8432041,-1.4071944,-1.3938652
416,-0.842778,-1.4071944,-1.1146964
417,-0.84295416,-1.4073685,-0.8356524
418,-0.842778,-1.4071186,-0.55655724
419,-0.84265304,-1.4070449,-0.2780623
420,-0.84237856,-1.4071432,0.00067845645
421,-0.8430279,-1.407094,0.27859777
422,-0.8425035,-1.4071944,0.5569678
423,-0.8428292,-1.4067192,0.8351391
424,-0.8425793,-1.4066945,1.1136074
425,-0.84312826,-1.4070694,1.3923256
426,-0.8426797,-1.1254239,-1.6729113
427,-0.8430279,-1.1256247,-1.3934658
428,-0.842778,-1.1252499,-1.1142231
429,-0.84242773,-1.1253502,-0.83542913
430,-0.84232736,-1.1253748,-0.55638313
431,-0.84247893,-1.1252744,-0.27776325
432,-0.84270424,-1.1250244,0.0007542502
433,-0.8421778,-1.125174,0.27847284
434,-0.84255266,-1.125299,0.5568428
435,-0.8426285,-1.1247991,0.8351145
436,-0.8428538,-1.1252744,1.1139576
437,-0.84267765,-1.125174,1.3927742
438,-0.8426285,-1.1250491,1.6715478
439,-0.8426285,-0.8435777,-1.672012
440,-0.84265304,-0.84377843,-1.393091
441,-0.8428784,-0.8435797,-1.1139487
442,-0.8426285,-0.84377843,-0.83532673
443,-0.842778,-0.8432786,-0.5562582
444,-0.842229,-0.843254,-0.27748668
445,-0.8424031,-0.84355307,0.0008546257
446,-0.8425793,-0.84365344,0.27869815
447,-0.84270424,-0.8435797,0.5567916
448,-0.8427534,-0.8435285,0.83523947
449,-0.8425035,-0.84337896,1.1139065
450,-0.84230274,-0.84355307,1.3928255
451,-0.8422782,-0.8432028,1.6713963
452,-0.84235394,-0.56158394,-1.9513324
453,-0.8425281,-0.5621575,-1.6716863
454,-0.8428784,-0.5618072,-1.3925911
455,-0.8427534,-0.5616822,-1.1138729
456,-0.84230274,-0.56165767,-0.83485353
457,-0.84225357,-0.56153274,-0.5557829
458,-0.84212863,-0.56148356,-0.27756247
459,-0.84230274,-0.5615081,0.0010041648
460,-0.8420528,-0.5618072,0.27894807
461,-0.84265304,-0.5613832,0.5571419
462,-0.8425793,-0.56158394,0.83533984
463,-0.84207743,-0.5612582,1.1141073
464,-0.8425281,-0.56148356,1.3925755
465,-0.8425035,-0.56158185,1.6714228
466,-0.84255266,-0.56113327,1.9504402
467,-0.84235394,-0.28006336,-1.950806
468,-0.84255266,-0.27968848,-1.6714855
469,-0.8425035,-0.2795369,-1.3924149
470,-0.84237856,-0.27963728,-1.1138974
471,-0.84247893,-0.27956355,-0.8348023
472,-0.8425035,-0.27976224,-0.5561332
473,-0.84235394,-0.27943653,-0.27741295
474,-0.84230274,-0.2796127,0.0008792075
475,-0.84212863,-0.27948773,0.27877396
476,-0.84220237,-0.27943653,0.5571419
477,-0.8421778,-0.27923784,0.83543813
478,-0.8420037,-0.27946317,1.1142076
479,-0.8424523,-0.2793382,1.3926759
480,-0.8425773,-0.2791866,1.671472
481,-0.8425281,-0.27908623,1.9500407
482,-0.84232736,0.0021311422,-1.9512075
483,-0.8421532,0.002206936,-1.6716617
484,-0.8428292,0.0026063896,-1.3925666
485,-0.84225357,0.0028317224,-1.1133976
486,-0.84212863,0.0024322688,-0.8349027
487,-0.8424523,0.0029075162,-0.55593246
488,-0.84207743,0.0026821834,-0.2775379
489,-0.84212863,0.0029075162,0.0007542502
490,-0.84220237,0.0028071406,0.27889892
491,-0.8421778,0.0030324734,0.55701697
492,-0.842229,0.0026330198,0.8354648
493,-0.84172916,0.002757977,1.1142322
494,-0.8421041,0.0027067652,1.3927742
495,-0.84212863,0.002932098,1.6715212
496,-0.84230274,0.003081637,1.9503152
497,-0.8425281,0.28307608,-1.9508306
498,-0.84225357,0.2830003,-1.6718112
499,-0.8422782,0.28322563,-1.3925911
500,-0.84260386,0.28282616,-1.113748
501,-0.8422782,0.2831498,-0.8349027
502,-0.8421532,0.28275037,-0.5561332
503,-0.8421778,0.28312525,-0.2773863
504,-0.8424031,0.28272578,0.0009550013
505,-0.84220237,0.28302488,0.27879855
506,-0.84207946,0.28240007,0.5571419
507,-0.84185207,0.28320104,0.8354136
508,-0.84235394,0.28337514,1.1141564
509,-0.84232736,0.28320104,1.3930508
510,-0.84232736,0.28302488,1.671472
511,-0.84212863,0.28335056,1.9503398
512,-0.84270424,0.56312174,-1.9506811
513,-0.84220237,0.56312174,-1.6718358
514,-0.84242773,0.56322,-1.3925911
515,-0.84230274,0.5626465,-1.113498
516,-0.8424031,0.56272024,-0.8350522
517,-0.8419791,0.562921,-0.5560083
518,-0.84237856,0.56277144,-0.27776325
519,-0.84230274,0.56261986,0.0008792075
520,-0.8425773,0.56319547,0.27874938
521,-0.84267765,0.56302136,0.5568428
522,-0.84190327,0.56354576,0.83551395
523,-0.84235394,0.5634454,1.1144309
524,-0.84272885,0.56307054,1.3926759
525,-0.84237856,0.56329584,1.6714228
526,-0.84212863,0.5630459,1.9502394
527,-0.84260386,0.8430916,-1.6722107
528,-0.84255266,0.8431407,-1.3926669
529,-0.84242773,0.84316534,-1.1140982
530,-0.8427534,0.84321654,-0.8352284
531,-0.84220237,0.84294,-0.55658185
532,-0.84220237,0.84341526,-0.27766287
533,-0.84212863,0.84334147,0.0009304195
534,-0.84255266,0.84329236,0.27844825
535,-0.8419279,0.84329236,0.55701697
536,-0.84232736,0.84311616,0.83543813
537,-0.84265304,0.8432657,1.1139065
538,-0.84272885,0.8433661,1.3925244
539,-0.84220237,0.8432411,1.6712221
540,-0.842778,1.1235858,-1.6725118
541,-0.84267765,1.1234343,-1.392966
542,-0.84272885,1.1237108,-1.1142969
543,-0.84255266,1.1237845,-0.83555204
544,-0.8425793,1.1231598,-0.55638313
545,-0.84260386,1.1237108,-0.27766287
546,-0.8424031,1.1233851,0.0005043357
547,-0.84247893,1.1236596,0.278649
548,-0.84272885,1.1235592,0.5567179
549,-0.84247893,1.1234854,0.83543813
550,-0.8424031,1.1236596,1.1136565
551,-0.84290296,1.1237108,1.3923502
552,-0.84272885,1.1237108,1.6713225
553,-0.842778,1.4039818,-1.3934904
554,-0.84300333,1.4036827,-1.114598
555,-0.8426285,1.4038322,-0.8354537
556,-0.84270424,1.4035823,-0.55640775
557,-0.8428026,1.4038814,-0.27786362
558,-0.84267765,1.4038569,0.0004797539
559,-0.8425035,1.4037565,0.27837247
560,-0.84220237,1.4039818,0.5566667
561,-0.84290296,1.4036314,0.8350387
562,-0.8426285,1.4038814,1.1133574
563,-0.8428784,1.4037318,1.3921494
564,-0.8432778,1.6844003,-1.1147968
565,-0.84255266,1.6842753,-0.83580196
566,-0.84307915,1.6842507,-0.5571329
567,-0.84290296,1.6842016,-0.27846175
568,-0.8427022,1.6842262,0.00040396012
569,-0.84242773,1.6845007,0.277973
570,-0.8428784,1.6842507,0.5564413
571,-0.8428538,1.6842753,0.8351391
572,-0.8428292,1.6844249,1.113507
573,-0.84295416,1.9648433,-0.556758
574,-0.84300333,1.9645934,-0.27846175
575,-0.8428026,1.9651198,5.3670054e-05
576,-0.842778,1.9652182,0.27819833
577,-0.8429788,1.9644439,0.55646795
578,-0.5615852,-1.9705613,-0.8370024
579,-0.56173474,-1.9702867,-0.55750775
580,-0.561534,-1.9707866,-0.27793735
581,-0.56138444,-1.9706371,0.00020525757
582,-0.56155854,-1.9704362,0.2783233
583,-0.56115913,-1.9703605,0.55706817
584,-0.56128407,-1.9704854,0.8351391
585,-0.5609584,-1.6889648,-1.1152228
586,-0.5612595,-1.6888154,-0.8361789
587,-0.56115913,-1.6890899,-0.5568338
588,-0.5613107,-1.6888133,-0.27776325
589,-0.5613599,-1.6886637,0.00040396012
590,-0.5613107,-1.6885388,0.27807337
591,-0.5612595,-1.6891145,0.5566667
592,-0.5613599,-1.6882643,0.83533984
593,-0.56146026,-1.68859,1.1137816
594,-0.56143564,-1.4070449,-1.394066
595,-0.5611837,-1.4069936,-1.1147475
596,-0.5611837,-1.4071678,-0.83555204
597,-0.56108534,-1.4067192,-0.55640775
598,-0.56115913,-1.4072682,-0.2774621
599,-0.5611837,-1.4070182,0.00045517212
600,-0.5614336,-1.407094,0.27869815
601,-0.5612595,-1.4070694,0.5569678
602,-0.56133527,-1.407344,0.83551395
603,-0.56105876,-1.4071698,1.1141318
604,-0.5617102,-1.4070449,1.3925244
605,-0.5613087,-1.1253502,-1.6728867
606,-0.56115913,-1.1251495,-1.393091
607,-0.56181055,-1.1252499,-1.1140736
608,-0.5611345,-1.1253748,-0.8353021
609,-0.56103414,-1.1254485,-0.5560083
610,-0.5612595,-1.1251495,-0.2777878
611,-0.56115913,-1.1252006,0.00055349915
612,-0.5607842,-1.1253748,0.27844825
613,-0.5610096,-1.1248995,0.55694115
614,-0.560733,-1.1248995,0.8351882
615,-0.5611345,-1.1253235,1.113882
616,-0.56138444,-1.1247991,1.3930508
617,-0.56105876,-1.1249241,1.6716216
618,-0.56121033,-0.8438788,-1.9514574
619,-0.5613599,-0.84365344,-1.6725118
620,-0.56103414,-0.84355307,-1.3925153
621,-0.5613599,-0.84347934,-1.1133976
622,-0.5616098,-0.84365344,-0.8350031
623,-0.5611837,-0.84350395,-0.5562582
624,-0.56155854,-0.8435797,-0.27743754
625,-0.56103414,-0.8435797,0.00092837104
626,-0.56080884,-0.84355307,0.278649
627,-0.56110996,-0.8432786,0.5566667
628,-0.56098497,-0.84337896,0.83538896
629,-0.5608334,-0.84267837,1.1138573
630,-0.5613599,-0.8431045,1.3929259
631,-0.5609584,-0.84332776,1.671472
632,-0.56070846,-0.8432028,1.9504156
633,-0.56093377,-0.5616822,-1.9507815
634,-0.5611345,-0.5616822,-1.6717867
635,-0.56098497,-0.5612828,-1.3926915
636,-0.5609092,-0.5613586,-1.1134468
637,-0.5611837,-0.5616331,-0.8347265
638,-0.56103414,-0.56140774,-0.5558833
639,-0.5608334,-0.5613832,-0.27743754
640,-0.5608846,-0.56140774,0.0010533283
641,-0.5606101,-0.5613074,0.2788477
642,-0.5607351,-0.5612582,0.55716854
643,-0.560733,-0.56145895,0.8357884
644,-0.5609584,-0.56110865,1.1142813
645,-0.56108534,-0.5613074,1.3929504
646,-0.560733,-0.5609571,1.6715478
647,-0.56080884,-0.5609325,1.9502906
648,-0.56086004,-0.2796127,-1.9506319
649,-0.5608334,-0.2791866,-1.6714855
650,-0.5609584,-0.27976224,-1.3924416
651,-0.5609092,-0.2793382,-1.1138216
652,-0.56063473,-0.2789879,-0.83467734
653,-0.56050974,-0.27928698,-0.55593246
654,-0.5607842,-0.27906165,-0.2769377
655,-0.5605589,-0.27968848,0.0011291221
656,-0.56093377,-0.27921325,0.27879855
657,-0.56093377,-0.27941194,0.5570927
658,-0.5610608,-0.27931157,0.8354136
659,-0.5609584,-0.27931157,1.1143817
660,-0.56110996,-0.27878717,1.3927251
661,-0.56075966,-0.27911288,1.6716727
662,-0.5606593,-0.27876258,1.9503152
663,-0.56070846,0.0024322688,-1.9502816
664,-0.56115913,0.0030324734,-1.6717374
665,-0.5609092,0.0033315516,-1.3923411
666,-0.5606593,0.0025818078,-1.1134734
667,-0.5606101,0.0031082672,-0.83472854
668,-0.56053436,0.002557226,-0.55605745
669,-0.56033355,0.0025818078,-0.27718762
670,-0.56035817,0.0028071406,0.0013298731
671,-0.56045854,0.0030324734,0.27892348
672,-0.56050974,0.0028583526,0.557443
673,-0.56086004,0.0030324734,0.8357884
674,-0.56086004,0.0029075162,1.1139065
675,-0.5609584,0.003132849,1.3927497
676,-0.56063473,0.0031574308,1.671597
677,-0.5605835,0.0030324734,1.9505897
678,-0.5612349,0.2831498,-1.9506564
679,-0.56105876,0.28320104,-1.6714363
680,-0.5608846,0.28322563,-1.3926157
681,-0.56053436,0.28287533,-1.1132727
682,-0.56053436,0.2830003,-0.83492726
683,-0.5609092,0.28320104,-0.55558217
684,-0.56080884,0.2831498,-0.2775379
685,-0.5604852,0.28345096,0.0009550013
686,-0.56050974,0.28362507,0.2788477
687,-0.56053436,0.28337514,0.556892
688,-0.5606593,0.28307608,0.8351882
689,-0.56045854,0.28310066,1.1145067
690,-0.56093377,0.28329936,1.3928009
691,-0.56068385,0.28355134,1.671771
692,-0.56053436,0.28325018,1.9500161
693,-0.5607351,0.5635703,-1.9511563
694,-0.5607842,0.56324667,-1.6719116
695,-0.56115913,0.563345,-1.3926157
696,-0.56045854,0.56337166,-1.113748
697,-0.5605589,0.5632713,-0.8348289
698,-0.56075966,0.56332046,-0.5556334
699,-0.56105876,0.56319547,-0.27673694
700,-0.5605589,0.56337166,0.0009550013
701,-0.5609584,0.56329584,0.27904844
702,-0.5608334,0.56307054,0.55716646
703,-0.56053436,0.56324667,0.83568805
704,-0.5610833,0.56329584,1.1143326
705,-0.56098497,0.56359494,1.3931512
706,-0.56068385,0.56359494,1.6715212
707,-0.56086004,0.56342083,1.95069
708,-0.56150943,0.84351563,-1.9511563
709,-0.5612595,0.84364057,-1.6719362
710,-0.56133527,0.84316534,-1.3925153
711,-0.56103414,0.8435423,-1.1134734
712,-0.56103414,0.8429154,-0.8350522
713,-0.5610096,0.84299123,-0.5561578
714,-0.56121033,0.8435914,-0.27768743
715,-0.56070846,0.84289086,0.0012786611
716,-0.56108534,0.84341526,0.27869815
717,-0.56108534,0.84346646,0.5571419
718,-0.5610096,0.8435423,0.8352886
719,-0.56080884,0.8435914,1.1141564
720,-0.5605589,0.84391713,1.3928746
721,-0.56080884,0.84334147,1.6716974
722,-0.56108534,0.843491,1.950266
723,-0.5611857,1.1239362,-1.6718358
724,-0.56103414,1.1233851,-1.3931155
725,-0.5616589,1.123336,-1.1137213
726,-0.5614848,1.1235347,-0.83492726
727,-0.56138444,1.1236862,-0.55603284
728,-0.56128407,1.1237108,-0.27738836
729,-0.56103414,1.1235613,0.000830044
730,-0.5611837,1.1238358,0.27847284
731,-0.56105876,1.1234343,0.5569166
732,-0.56128407,1.1238091,0.83538896
733,-0.56110996,1.1237845,1.113632
734,-0.56115913,1.1234096,1.3927251
735,-0.56098497,1.1236104,1.6713963
736,-0.5618351,1.4038322,-1.3933654
737,-0.5613599,1.404332,-1.114172
738,-0.5614336,1.404033,-0.83537793
739,-0.5616098,1.4039818,-0.55633193
740,-0.5613087,1.4038569,-0.27786157
741,-0.5612595,1.4038814,0.00077883195
742,-0.56128407,1.4041067,0.27879855
743,-0.561534,1.4041067,0.55676705
744,-0.56093377,1.4038814,0.8354136
745,-0.5612349,1.4045082,1.1141809
746,-0.56110996,1.4044816,1.3928746
747,-0.5615852,1.6844249,-1.1146718
748,-0.5617102,1.6845498,-0.83590233
749,-0.5618843,1.6845498,-0.55628276
750,-0.56133527,1.684476,-0.27786157
751,-0.5612349,1.6844003,0.0005801294
752,-0.5613087,1.684726,0.27827412
753,-0.5618351,1.6848509,0.5566912
754,-0.56098497,1.6847014,0.83491373
755,-0.5612595,1.6852258,1.1135316
756,-0.5617593,1.9649683,-0.83597815
757,-0.5615852,1.9652694,-0.55715746
758,-0.56150943,1.965044,-0.27791277
759,-0.56128407,1.9651691,0.00022983934
760,-0.5613107,1.9649949,0.2784974
761,-0.5613599,1.9649191,0.5565663
762,-0.56143564,1.9653698,0.834838
763,-0.27998886,-1.970086,-0.83590233
764,-0.28023878,-1.9702109,-0.5570079
765,-0.2805645,-1.9702601,-0.2781627
766,-0.2802142,-1.9701864,0.00035479662
767,-0.27996427,-1.9700102,0.27834788
768,-0.27963856,-1.9699365,0.55681825
769,-0.2798639,-1.9700347,0.83533984
770,-0.2803637,-1.6881148,-1.3943651
771,-0.2801384,-1.6886392,-1.1147968
772,-0.28006464,-1.6886146,-0.8359269
773,-0.2799151,-1.6889137,-0.5566085
774,-0.2803637,-1.6886392,-0.27748668
775,-0.28014043,-1.6885633,0.0007296685
776,-0.2798639,-1.6881639,0.2788231
777,-0.27979013,-1.6887887,0.55729145
778,-0.2796652,-1.6884384,0.83551395
779,-0.27973893,-1.6882889,1.1142813
780,-0.28001547,-1.6883135,1.3926739
781,-0.2802142,-1.4067438,-1.6729358
782,-0.27998886,-1.4071944,-1.3931913
783,-0.28008923,-1.4066945,-1.1139467
784,-0.28006464,-1.4067192,-0.83515257
785,-0.27988848,-1.4074198,-0.5562582
786,-0.28008923,-1.4067438,-0.2774621
787,-0.27993968,-1.4068196,0.0006047112
788,-0.27981472,-1.4066434,0.27852404
789,-0.2798393,-1.406668,0.55729145
790,-0.28008923,-1.40667,0.83548933
791,-0.279489,-1.4067192,1.1140805
792,-0.2799151,-1.4067683,1.3927742
793,-0.27941322,-1.4067192,1.6719227
794,-0.27961397,-1.1250244,-1.6723622
795,-0.2801896,-1.1251248,-1.3932405
796,-0.27973893,-1.1249753,-1.1138483
797,-0.27971435,-1.1250737,-0.8354271
798,-0.27963856,-1.1246988,-0.5561066
799,-0.2796652,-1.1252252,-0.27741295
800,-0.28001547,-1.1247746,0.0009550013
801,-0.279489,-1.1250757,0.27897266
802,-0.2795136,-1.1249999,0.5574676
803,-0.27981472,-1.124875,0.835264
804,-0.27971435,-1.1246742,1.1142567
805,-0.27973893,-1.1250737,1.3928992
806,-0.27976352,-1.1248237,1.6718469
807,-0.27953818,-0.8432786,-1.9513079
808,-0.27946445,-0.8430041,-1.67176
809,-0.2799151,-0.8430533,-1.3926402
810,-0.27971435,-0.84312904,-1.1138216
811,-0.2798393,-0.8430533,-0.83462816
812,-0.28004006,-0.8435797,-0.5558321
813,-0.2798639,-0.8434548,-0.27743754
814,-0.27961397,-0.8432786,0.0010553767
815,-0.27954024,-0.8432028,0.2788477
816,-0.27976352,-0.8430041,0.55726683
817,-0.2793395,-0.8428279,0.83551395
818,-0.27968976,-0.84302866,1.1141318
819,-0.27941322,-0.84285253,1.3925755
820,-0.27961397,-0.84307784,1.6716461
821,-0.2795136,-0.8428279,1.9507413
822,-0.27956483,-0.561334,-1.9510068
823,-0.27971435,-0.56123364,-1.6715614
824,-0.27976352,-0.56153274,-1.3921651
825,-0.2793149,-0.56140774,-1.113373
826,-0.27958938,-0.56118244,-0.83472854
827,-0.27968976,-0.56110865,-0.55558217
828,-0.2793395,-0.5616085,-0.2772368
829,-0.27928826,-0.5610083,0.00092837104
830,-0.27954024,-0.5613074,0.27922463
831,-0.27908957,-0.5608588,0.5576663
832,-0.27941528,-0.5610083,0.83603835
833,-0.2791633,-0.5609571,1.1141809
834,-0.27916536,-0.56110865,1.3927742
835,-0.27946445,-0.56078297,1.671347
836,-0.27908957,-0.56070715,1.9502149
837,-0.2798393,-0.27966186,-1.950382
838,-0.27954024,-0.27948773,-1.6717867
839,-0.27956483,-0.27943859,-1.3922162
840,-0.2793149,-0.27923784,-1.1136721
841,-0.27941528,-0.27951232,-0.8348781
842,-0.2791633,-0.2791866,-0.5558833
843,-0.27906498,-0.27888754,-0.27711183
844,-0.27891544,-0.27923784,0.00092837104
845,-0.2793395,-0.27916202,0.27862442
846,-0.27923912,-0.2789367,0.55699235
847,-0.27938864,-0.27888754,0.83523947
848,-0.2795136,-0.2789367,1.1141073
849,-0.27921453,-0.27878717,1.3927988
850,-0.27923912,-0.27911288,1.6718981
851,-0.27918994,-0.27881175,1.950266
852,-0.27941322,0.0023831052,-1.9509555
853,-0.27951565,0.0027825588,-1.671637
854,-0.27954024,0.0026576016,-1.3920913
855,-0.27941528,0.0026821834,-1.1132481
856,-0.27963856,0.003132849,-0.83437824
857,-0.2793149,0.002932098,-0.5556334
858,-0.27923912,0.0028317224,-0.2772634
859,-0.27938864,0.003081637,0.0008546257
860,-0.27943987,0.0032065941,0.27872273
861,-0.27903837,0.0028317224,0.5572177
862,-0.27926368,0.0027825588,0.8356635
863,-0.2789646,0.0031820124,1.114306
864,-0.27938864,0.0031820124,1.3932495
865,-0.27954024,0.0033827636,1.6715723
866,-0.27918994,0.0033315516,1.9502149
867,-0.27996427,0.28342432,-1.9506073
868,-0.279489,0.28370085,-1.671637
869,-0.27963856,0.28320104,-1.3921158
870,-0.27988848,0.283326,-1.1133976
871,-0.27941322,0.2830003,-0.8341775
872,-0.27913874,0.28292447,-0.55540806
873,-0.27918994,0.28325018,-0.2772368
874,-0.2791633,0.28307402,0.0011537038
875,-0.2793149,0.2831744,0.27892348
876,-0.27943987,0.28367627,0.557443
877,-0.27921453,0.28347552,0.8358396
878,-0.27901378,0.28370085,1.1142567
879,-0.27961397,0.2835247,1.3926739
880,-0.279489,0.28339973,1.6718223
881,-0.279489,0.2839262,1.9502149
882,-0.27989054,0.56364614,-1.9507056
883,-0.27998886,0.56372195,-1.6713359
884,-0.2795136,0.5633962,-1.3921651
885,-0.27973893,0.5632713,-1.1130474
886,-0.27956483,0.563345,-0.83450323
887,-0.27958938,0.5631709,-0.5559079
888,-0.2791633,0.56294554,-0.27701145
889,-0.27908957,0.56324667,0.000830044
890,-0.2793149,0.5631709,0.27892348
891,-0.27929032,0.5634966,0.55751675
892,-0.27938864,0.56342083,0.83516365
893,-0.2791633,0.56364614,1.1146562
894,-0.27943987,0.5637957,1.393225
895,-0.27954024,0.5636953,1.6716216
896,-0.27911416,0.56364614,1.9505405
897,-0.27976352,0.84339064,-1.9510313
898,-0.27976352,0.84364057,-1.6717108
899,-0.2795136,0.84386593,-1.3925911
900,-0.27981472,0.8430916,-1.1131723
901,-0.27979013,0.84329027,-0.8348023
902,-0.27938864,0.84351563,-0.55603284
903,-0.2795136,0.84351563,-0.27751333
904,-0.27953818,0.8432657,0.00092837104
905,-0.27981472,0.84346646,0.2789993
906,-0.2798393,0.84351563,0.55711734
907,-0.27963856,0.84381676,0.8358888
908,-0.27953818,0.84364057,1.1144329
909,-0.279489,0.84381676,1.3926739
910,-0.27954024,0.84399086,1.6714474
911,-0.27938864,0.84356683,1.9507658
912,-0.2801384,1.1239853,-1.6716617
913,-0.27996427,1.1237845,-1.3923658
914,-0.279489,1.1237108,-1.1133465
915,-0.2801384,1.1238358,-0.83515257
916,-0.2798639,1.1241102,-0.55570716
917,-0.27973893,1.1235592,-0.27738836
918,-0.27971435,1.1239095,0.0007542502
919,-0.27961397,1.1238358,0.27869815
920,-0.27981472,1.1236104,0.5571419
921,-0.27998886,1.1234854,0.8355385
922,-0.2791633,1.1242844,1.1141809
923,-0.27961397,1.1237108,1.3930242
924,-0.27979013,1.1240345,1.6713983
925,-0.28006464,1.4044816,-1.6725118
926,-0.2802654,1.4042071,-1.3934904
927,-0.27993968,1.4037073,-1.1145468
928,-0.27963856,1.4040822,-0.83525294
929,-0.27981472,1.403781,-0.556207
930,-0.27936405,1.404158,-0.27776325
931,-0.27938864,1.4038569,0.0004797539
932,-0.2793149,1.404158,0.27892348
933,-0.27979013,1.4041313,0.55701697
934,-0.2796652,1.4041067,0.8356635
935,-0.28001344,1.4042071,1.1140827
936,-0.28008923,1.404332,1.3927497
937,-0.27981472,1.4044079,1.6716727
938,-0.27961397,1.6850004,-1.393265
939,-0.2798639,1.6845764,-1.1143973
940,-0.27988848,1.6852258,-0.83515257
941,-0.27993968,1.6846502,-0.55645895
942,-0.27993968,1.6844515,-0.27766287
943,-0.27968976,1.6846502,0.0005289174
944,-0.27956483,1.6848018,0.27904844
945,-0.28031456,1.6849267,0.5570927
946,-0.27993968,1.6846768,0.83521485
947,-0.2798393,1.6849513,1.1137569
948,-0.28001344,1.6851766,1.3924998
949,-0.2802142,1.9653206,-0.83555204
950,-0.27988848,1.9651936,-0.55655724
951,-0.27979013,1.9651936,-0.2776383
952,-0.28028998,1.9654948,0.0005801294
953,-0.2799151,1.9649929,0.2783233
954,-0.27973893,1.9652448,0.55676705
955,-0.27988848,1.96487,0.83516365
956,0.0010052462,-2.2519302,0.00090378925
957,0.0015071238,-1.9703605,-0.8366787
958,0.0016320811,-1.9702355,-0.55720866
959,0.0015071238,-1.9701351,-0.2777878
960,0.001230579,-1.9702355,0.00035479662
961,0.0011814155,-1.9702867,0.27877396
962,0.0010564582,-1.9704362,0.5569166
963,0.0015562874,-1.9697357,0.8355385
964,0.0011568337,-1.6886146,-1.394066
965,0.0016566629,-1.6883401,-1.1144218
966,0.0014804936,-1.6886392,-0.83555204
967,0.0014313301,-1.6883893,-0.55580753
968,0.0013821665,-1.6882889,-0.27736172
969,0.0015317056,-1.6882397,0.0008546257
970,0.0016320811,-1.6884404,0.27904844
971,0.0016054509,-1.6886392,0.55699235
972,0.0013821665,-1.6882643,0.8355385
973,0.0015317056,-1.6881886,1.1141564
974,0.0014313301,-1.6881393,1.3927988
975,0.0016320811,-1.4066434,-1.6720858
976,0.0013309546,-1.4066434,-1.3931155
977,0.0013821665,-1.4067438,-1.1136229
978,0.0018553655,-1.4068441,-0.8350522
979,0.0015317056,-1.4067949,-0.5557317
980,0.0016812446,-1.4068196,-0.27743754
981,0.0015317056,-1.4063443,0.0008546257
982,0.0013555363,-1.4066188,0.27869815
983,0.0016320811,-1.4066945,0.5572177
984,0.0016566629,-1.4068196,0.83569014
985,0.0016320811,-1.4067192,1.1145579
986,0.0016054509,-1.4064181,1.3929259
987,0.0015071238,-1.4065696,1.6719227
988,0.0012059973,-1.1250491,-1.6717108
989,0.0014313301,-1.125174,-1.392841
990,0.0014559118,-1.1249241,-1.1136476
991,0.0014559118,-1.1251248,-0.8350031
992,0.0013309546,-1.124875,-0.55580753
993,0.0016054509,-1.1246988,-0.2772634
994,0.0015562874,-1.1249487,0.0008546257
995,0.0015808691,-1.1249753,0.27897266
996,0.0017816202,-1.1247991,0.5569166
997,0.0017304082,-1.1243997,0.8357639
998,0.0017058264,-1.1246496,1.1147075
999,0.0018574139,-1.1245738,1.3930999
1000,0.0016566629,-1.1246004,1.6712734
1001,0.0015071238,-0.84285456,-1.9508818
1002,0.0013063728,-0.84280336,-1.671637
1003,0.0016566629,-0.84302866,-1.3925153
1004,0.0015808691,-0.8429283,-1.1131968
1005,0.0016320811,-0.84285253,-0.83435166
1006,0.0018307837,-0.8432028,-0.55563134
1007,0.0019311592,-0.84280336,-0.27741295
1008,0.0018819957,-0.8431045,0.000979583
1009,0.0018307837,-0.8431045,0.27889892
1010,0.002156492,-0.8432294,0.5573918
1011,0.0018307837,-0.84312904,0.83594
1012,0.0017816202,-0.8427542,1.1143817
1013,0.0021073285,-0.8429283,1.393225
1014,0.0017570384,-0.8427542,1.6717465
1015,0.0018819957,-0.8428279,1.9503644
1016,0.0016054509,-0.56140774,-1.9503574
1017,0.0014313301,-0.56165767,-1.6713606
1018,0.0017058264,-0.5608588,-1.3921896
1019,0.0016566629,-0.5612828,-1.1130965
1020,0.0018819957,-0.5609571,-0.83457696
1021,0.0017570384,-0.56113327,-0.55545723
1022,0.002156492,-0.561207,-0.27683732
1023,0.0021073285,-0.5613074,0.0015039939
1024,0.002357243,-0.5616331,0.27904844
1025,0.0018307837,-0.56105745,0.5578179
1026,0.0018574139,-0.56088334,0.83594
1027,0.0015071238,-0.56110865,1.114482
1028,0.002156492,-0.5610841,1.3931757
1029,0.0018062019,-0.5605576,1.6717978
1030,0.002006953,-0.5608588,1.9505897
1031,0.0017570384,-0.27916202,-1.9501054
1032,0.0017058264,-0.2792624,-1.6709611
1033,0.0018819957,-0.2792624,-1.3917656
1034,0.0017570384,-0.27931157,-1.1131232
1035,0.0020806983,-0.27941194,-0.83437824
1036,0.0018307837,-0.27983803,-0.5556068
1037,0.0021073285,-0.27906165,-0.27643788
1038,0.001982371,-0.2792624,0.0012049158
1039,0.0022056554,-0.2789367,0.27887434
1040,0.0019557409,-0.278738,0.5576171
1041,0.0021810737,-0.2789367,0.8358396
1042,0.0021319103,-0.27861303,1.1145824
1043,0.0019557409,-0.27881175,1.3932761
1044,0.0022814493,-0.2788363,1.6718714
1045,0.0021319103,-0.2791866,1.9505651
1046,0.001982371,0.0030324734,-2.2292252
1047,0.0016812446,0.0030078916,-1.9500316
1048,0.0022814493,0.0028317224,-1.670785
1049,0.002006953,0.002932098,-1.3918147
1050,0.0020315347,0.0030570552,-1.1126479
1051,0.0020806983,0.0032332244,-0.8342021
1052,0.0019557409,0.0032065941,-0.5552073
1053,0.0019557409,0.0028071406,-0.27703807
1054,0.0021810737,0.0032065941,0.0012786611
1055,0.0017816202,0.0032332244,0.27914882
1056,0.002006953,0.0034073452,0.5574164
1057,0.0021319103,0.0033827636,0.8359646
1058,0.0022056554,0.0031820124,1.1148078
1059,0.002156492,0.0033069698,1.3931757
1060,0.0022814493,0.0032332244,1.672148
1061,0.0019311592,0.0036080964,1.9507146
1062,0.0021073285,0.0033581818,2.2299614
1063,0.0015317056,0.28375003,-1.9502571
1064,0.0018819957,0.28345096,-1.6706866
1065,0.0016566629,0.283326,-1.3917902
1066,0.0018574139,0.2831498,-1.1130474
1067,0.0018819957,0.2831744,-0.8343025
1068,0.002357243,0.28322563,-0.55540806
1069,0.002306031,0.28347552,-0.2768619
1070,0.0020315347,0.28312525,0.001180334
1071,0.0016566629,0.283326,0.27937415
1072,0.0021073285,0.2835001,0.557443
1073,0.0022056554,0.28320104,0.83586425
1074,0.0019065774,0.28355134,1.1146071
1075,0.002156492,0.283875,1.3931246
1076,0.0021073285,0.28342432,1.671896
1077,0.0018819957,0.28395078,1.95069
1078,0.0016812446,0.56371987,-1.9505069
1079,0.0015317056,0.56354576,-1.6713852
1080,0.0016566629,0.5631709,-1.3925666
1081,0.0017570384,0.5635703,-1.1134222
1082,0.0020561165,0.56329584,-0.8345524
1083,0.0017570384,0.56342083,-0.55570716
1084,0.0017816202,0.5634454,-0.27711183
1085,0.0017570384,0.5633962,0.0012294976
1086,0.0020315347,0.5631463,0.2791734
1087,0.0018307837,0.5630951,0.55764174
1088,0.0020561165,0.56332046,0.8356635
1089,0.0022814493,0.56394523,1.1144063
1090,0.0022568675,0.56389606,1.3930242
1091,0.002006953,0.5636707,1.6718714
1092,0.0018819957,0.56389606,1.9509153
1093,0.0017304082,0.8437164,-1.9503062
1094,0.0016320811,0.8439417,-1.6716617
1095,0.0018574139,0.843491,-1.3924662
1096,0.0017058264,0.843491,-1.1132236
1097,0.0015562874,0.84339064,-0.8346528
1098,0.0020315347,0.84334147,-0.5554818
1099,0.0019065774,0.843616,-0.27703807
1100,0.0019311592,0.843491,0.0013790366
1101,0.002156492,0.84321654,0.2794479
1102,0.0020315347,0.8436672,0.557443
1103,0.0020806983,0.84399086,0.8357147
1104,0.002357243,0.8437164,1.1145313
1105,0.0022814493,0.84364057,1.3934257
1106,0.0024576185,0.8439663,1.671597
1107,0.0020315347,0.8436672,1.9508908
1108,0.0016566629,1.12376,-1.6717108
1109,0.0014804936,1.1240591,-1.3924416
1110,0.0015562874,1.1239607,-1.1132972
1111,0.0019311592,1.1240098,-0.8348023
1112,0.0019803226,1.1238849,-0.55580753
1113,0.0016054509,1.1238091,-0.27683732
1114,0.0019065774,1.1237845,0.0012786611
1115,0.0018062019,1.1240098,0.27889892
1116,0.0016320811,1.1236596,0.5571931
1117,0.0017304082,1.1239362,0.8358396
1118,0.0015562874,1.1241595,1.1140827
1119,0.0016320811,1.1240857,1.3932003
1120,0.0018062019,1.1241595,1.6719964
1121,0.0013309546,1.4043075,-1.6721615
1122,0.0019065774,1.4044816,-1.3926649
1123,0.0014804936,1.403908,-1.113922
1124,0.0013555363,1.404158,-0.8346528
1125,0.0015562874,1.404158,-0.5559571
1126,0.0016074993,1.4039818,-0.2771364
1127,0.0013555363,1.4038322,0.0012294976
1128,0.0016054509,1.4040576,0.2788477
1129,0.0015562874,1.4040822,0.5572935
1130,0.0015562874,1.4044324,0.8355385
1131,0.0016566629,1.4043075,1.1141809
1132,0.0016812446,1.4044837,1.3926759
1133,0.0015808691,1.4047828,1.6717219
1134,0.0015317056,1.6848509,-1.392716
1135,0.001281791,1.6851255,-1.1142478
1136,0.0013821665,1.6848018,-0.8348781
1137,0.0017816202,1.6845764,-0.5557317
1138,0.0014067483,1.6842507,-0.27791277
1139,0.0015808691,1.6849759,0.0012786611
1140,0.0014313301,1.6846011,0.27862442
1141,0.0013063728,1.6846011,0.557443
1142,0.0014559118,1.6852504,0.8359134
1143,0.0016566629,1.6848264,1.1146071
1144,0.0017816202,1.6848755,1.3927742
1145,0.001281791,1.9652202,-0.83527756
1146,0.0014804936,1.9654948,-0.55603284
1147,0.0013821665,1.9649683,-0.27731258
1148,0.0013063728,1.9647183,0.00057808094
1149,0.0016054509,1.96572,0.27902386
1150,0.0015808691,1.9654948,0.5573672
1151,0.0015071238,1.9654189,0.8355385
1152,0.0014804936,2.2459419,0.000979583
1153,0.2812496,-1.9701618,-0.8365292
1154,0.2814995,-1.9703605,-0.5571329
1155,0.2812496,-1.9702355,-0.27801314
1156,0.28157532,-1.9702867,0.00015404557
1157,0.28157532,-1.9703851,0.2788231
1158,0.2818744,-1.969961,0.55681825
1159,0.28159988,-1.9700614,0.8350141
1160,0.28135,-1.6886883,-1.394066
1161,0.2814995,-1.6885633,-1.1147722
1162,0.28164905,-1.6885633,-0.8354271
1163,0.28139913,-1.6886883,-0.55638313
1164,0.2816757,-1.6890386,-0.2777366
1165,0.28164905,-1.6888645,0.000979583
1166,0.28157532,-1.6887395,0.27897266
1167,0.28159988,-1.6890141,0.55699235
1168,0.28202596,-1.6886392,0.83516365
1169,0.2818498,-1.6888891,1.114482
1170,0.2815241,-1.6885388,1.3928255
1171,0.28137454,-1.4072948,-1.6722618
1172,0.2815241,-1.4069936,-1.3931155
1173,0.281901,-1.4070449,-1.1142231
1174,0.2816757,-1.4072189,-0.8348023
1175,0.28195018,-1.40692,-0.5561578
1176,0.28155074,-1.407094,-0.27731258
1177,0.28180063,-1.407094,0.0010799585
1178,0.28142577,-1.4069445,0.27874938
1179,0.28205055,-1.4068933,0.5567424
1180,0.28159988,-1.4066434,0.83548933
1181,0.28162447,-1.4067192,1.1139065
1182,0.2818498,-1.4069178,1.3927742
1183,0.281901,-1.4064181,1.6717219
1184,0.28154868,-1.1249999,-1.6726613
1185,0.281774,-1.1251495,-1.3927898
1186,0.28224927,-1.1253235,-1.1134222
1187,0.2818744,-1.1250244,-0.8350522
1188,0.28174943,-1.1252499,-0.55570716
1189,0.28174943,-1.1252744,-0.27766287
1190,0.281774,-1.1253748,0.0010287465
1191,0.281901,-1.1251986,0.27894807
1192,0.2815241,-1.1250244,0.55726683
1193,0.2822001,-1.1248258,0.83586425
1194,0.2818498,-1.1251495,1.114482
1195,0.28180063,-1.1251495,1.3925755
1196,0.28195018,-1.12475,1.6713716
1197,0.28172484,-0.8434548,-1.9516315
1198,0.28137454,-0.84347934,-1.671637
1199,0.28157532,-0.84350395,-1.3925666
1200,0.28155074,-0.8434527,-1.1135472
1201,0.28139913,-0.8432786,-0.83485353
1202,0.28155074,-0.84277874,-0.5561824
1203,0.28197476,-0.8431782,-0.27741295
1204,0.28195018,-0.8433544,0.0010799585
1205,0.28207514,-0.84302866,0.27877396
1206,0.2821243,-0.8429283,0.55706817
1207,0.28209972,-0.84315366,0.8355631
1208,0.28207514,-0.84302866,1.1144309
1209,0.28207514,-0.8433298,1.3928255
1210,0.28197476,-0.8430041,1.6717219
1211,0.28209972,-0.8435285,1.9501411
1212,0.28157532,-0.5614569,-1.9510313
1213,0.28145036,-0.5612582,-1.6712868
1214,0.2818744,-0.56143236,-1.3924907
1215,0.281774,-0.56118244,-1.1137233
1216,0.28147492,-0.5617335,-0.8347019
1217,0.2818744,-0.5615081,-0.55610865
1218,0.2815241,-0.56148356,-0.27733716
1219,0.2818744,-0.56113327,0.00077883195
1220,0.2818498,-0.56088334,0.27877396
1221,0.28174943,-0.56145895,0.5571419
1222,0.28195018,-0.5612828,0.83569014
1223,0.28209972,-0.561334,1.1145067
1224,0.2818252,-0.5608588,1.3932003
1225,0.28207514,-0.5612828,1.6715723
1226,0.2821243,-0.56113327,1.9503152
1227,0.281774,-0.27963728,-1.9501812
1228,0.28202394,-0.27943653,-1.6714118
1229,0.28197476,-0.2793382,-1.3921651
1230,0.28195018,-0.2791866,-1.1133465
1231,0.2818498,-0.27938735,-0.8347019
1232,0.2821755,-0.27943859,-0.5558321
1233,0.28224927,-0.27916202,-0.2771364
1234,0.28202596,-0.2791866,0.0005801294
1235,0.28202394,-0.2791866,0.27914882
1236,0.28224927,-0.2789367,0.5572423
1237,0.28207514,-0.27923784,0.8360138
1238,0.28174943,-0.2790371,1.1141564
1239,0.28207514,-0.27921325,1.3929504
1240,0.28232506,-0.2789879,1.671597
1241,0.28195018,-0.2786868,1.9502414
1242,0.28180063,0.0025080626,-1.9507815
1243,0.28155074,0.0029566796,-1.6715367
1244,0.2816757,0.0027313468,-1.3922162
1245,0.28199935,0.0029566796,-1.1134734
1246,0.2822001,0.0027333954,-0.83405256
1247,0.28224927,0.003132849,-0.5557829
1248,0.28209972,0.0031082672,-0.2769131
1249,0.28205055,0.0031820124,0.0014036184
1250,0.28209972,0.0028583526,0.27904844
1251,0.28202596,0.003081637,0.557443
1252,0.28195018,0.00298331,0.8358396
1253,0.28205055,0.002757977,1.1144063
1254,0.28222468,0.003282388,1.3930242
1255,0.2821243,0.0034565087,1.6720476
1256,0.28180063,0.0031082672,1.950516
1257,0.28177607,0.28327477,-1.9502816
1258,0.28159988,0.28325018,-1.6712868
1259,0.28199935,0.28294906,-1.3922162
1260,0.2818744,0.28335056,-1.1132214
1261,0.28202596,0.28302488,-0.83435166
1262,0.28199935,0.28337514,-0.55558217
1263,0.2823742,0.2831744,-0.27711183
1264,0.28234965,0.28312525,0.0008546257
1265,0.28215092,0.283326,0.27912423
1266,0.2822001,0.2831744,0.5572177
1267,0.28234965,0.28337514,0.8357147
1268,0.28224927,0.28372544,1.1145313
1269,0.2822759,0.2831498,1.3935261
1270,0.28224927,0.2837992,1.6719718
1271,0.2822001,0.28362507,1.9506164
1272,0.28172484,0.56349456,-1.9506811
1273,0.28155074,0.56342083,-1.6719116
1274,0.28159988,0.56342083,-1.3923904
1275,0.28180063,0.56319547,-1.1131723
1276,0.2818744,0.56324464,-0.8346528
1277,0.28180063,0.5631463,-0.5557829
1278,0.28174943,0.56329584,-0.27716303
1279,0.28195018,0.5630951,0.0010287465
1280,0.281774,0.56342083,0.27942333
1281,0.28174943,0.56312174,0.5573672
1282,0.28199935,0.56322,0.8358396
1283,0.28172484,0.56332046,1.1144575
1284,0.28209972,0.56337166,1.3934503
1285,0.28209972,0.56359494,1.6718714
1286,0.2821755,0.56324464,1.9502149
1287,0.28162447,0.8435402,-1.9511563
1288,0.2818498,0.84369177,-1.6718112
1289,0.2818498,0.84364057,-1.3920647
1290,0.28174943,0.84321654,-1.1137233
1291,0.28145036,0.84321654,-0.8349518
1292,0.28157532,0.8433169,-0.5561824
1293,0.28202596,0.843616,-0.2772634
1294,0.28195018,0.84334147,0.0012294976
1295,0.28207514,0.84339064,0.27894807
1296,0.28162447,0.8433169,0.55726683
1297,0.2818252,0.8433169,0.83556515
1298,0.28199935,0.8436672,1.1143571
1299,0.28147492,0.8436672,1.39285
1300,0.28209972,0.8436652,1.6717978
1301,0.2818252,0.8436672,1.9502149
1302,0.28172484,1.1239607,-1.6718358
1303,0.2816757,1.1237845,-1.392966
1304,0.2815241,1.1236616,-1.1136721
1305,0.2821755,1.1237108,-0.83472854
1306,0.2814995,1.1235858,-0.55633193
1307,0.2819256,1.1234609,-0.27726135
1308,0.2818744,1.1238091,0.000979583
1309,0.281901,1.123635,0.27902386
1310,0.28172484,1.1237845,0.55699235
1311,0.28209972,1.1239607,0.8355897
1312,0.28202596,1.1237354,1.1142056
1313,0.28195018,1.1236596,1.3928255
1314,0.28199935,1.1238604,1.6716216
1315,0.2813008,1.4039572,-1.6725856
1316,0.2813254,1.4035823,-1.3931913
1317,0.28170025,1.4036314,-1.1138974
1318,0.28170025,1.4038322,-0.8350768
1319,0.28159988,1.4035311,-0.55598366
1320,0.28155074,1.4034328,-0.27738836
1321,0.2819256,1.4038076,0.0006047112
1322,0.28159988,1.4040576,0.27869815
1323,0.28180063,1.403906,0.55694115
1324,0.281774,1.4039818,0.8350899
1325,0.28199935,1.4037073,1.1141809
1326,0.28137454,1.4041826,1.3927006
1327,0.28180063,1.4040822,1.6712979
1328,0.28085014,1.684726,-1.3933163
1329,0.28145036,1.6843265,-1.114172
1330,0.28139913,1.6843756,-0.8355275
1331,0.28155074,1.6841503,-0.55640775
1332,0.28142577,1.6845007,-0.27793735
1333,0.28164905,1.6845498,0.0006538747
1334,0.2818498,1.6841503,0.27842367
1335,0.28205055,1.6846502,0.5566912
1336,0.28174943,1.6846768,0.83568805
1337,0.28170025,1.6846011,1.1143571
1338,0.28142577,1.6846502,1.392174
1339,0.2809239,1.9648433,-0.8357282
1340,0.28205055,1.9649436,-0.55640775
1341,0.28155074,1.9648945,-0.27758706
1342,0.28172484,1.9649683,0.0007296685
1343,0.28172484,1.9650933,0.27827412
1344,0.2816757,1.9652182,0.5566912
1345,0.28135,1.9649949,0.8350387
1346,0.5613178,-1.9702867,-0.83650255
1347,0.5615431,-1.9703358,-0.55715746
1348,0.56174386,-1.9706104,-0.27838802
1349,0.5616681,-1.9703851,0.00015404557
1350,0.5614182,-1.9704609,0.27814916
1351,0.5620696,-1.9705613,0.5568674
1352,0.5614182,-1.9706104,0.8352886
1353,0.56174386,-1.6889895,-1.1152228
1354,0.56191796,-1.6888891,-0.83620346
1355,0.5616681,-1.689139,-0.556758
1356,0.5619446,-1.6888891,-0.27786157
1357,0.5620696,-1.6888133,0.00055349915
1358,0.56201833,-1.6888399,0.2783745
1359,0.561793,-1.6887887,0.5567179
1360,0.5617685,-1.6886637,0.83521485
1361,0.56209415,-1.6884897,1.1138327
1362,0.56221914,-1.4072436,-1.3938919
1363,0.5617685,-1.407344,-1.1148233
1364,0.5621433,-1.4072948,-0.8355787
1365,0.56191796,-1.4071698,-0.556207
1366,0.5620696,-1.407094,-0.27791277
1367,0.561793,-1.4071186,0.00037937838
1368,0.5617685,-1.4067438,0.27914882
1369,0.5618197,-1.4067683,0.5571931
1370,0.56186885,-1.4071186,0.8351882
1371,0.5622949,-1.4072189,1.1140827
1372,0.5618442,-1.407094,1.3927497
1373,0.5619938,-1.1251986,-1.6727864
1374,0.56139356,-1.1255243,-1.393091
1375,0.5618934,-1.1252744,-1.1144485
1376,0.5616947,-1.1254485,-0.8352284
1377,0.56201833,-1.1252744,-0.556207
1378,0.56204295,-1.1251248,-0.27738836
1379,0.56239325,-1.1251986,0.0007542502
1380,0.56209415,-1.1254239,0.27842367
1381,0.56191796,-1.1249241,0.5567424
1382,0.5621679,-1.1251495,0.8354648
1383,0.56226826,-1.1249733,1.1141318
1384,0.5619692,-1.1255755,1.392424
1385,0.5625694,-1.1247255,1.6713225
1386,0.562045,-0.8439792,-1.951357
1387,0.56174386,-0.8436043,-1.6719362
1388,0.5618442,-0.84355307,-1.3929148
1389,0.56221914,-0.8439546,-1.1137233
1390,0.56221914,-0.8435285,-0.83525294
1391,0.56221914,-0.843928,-0.5559079
1392,0.56201833,-0.8436043,-0.27731258
1393,0.56201833,-0.84347934,0.0006538747
1394,0.5622437,-0.8433544,0.27894807
1395,0.5619692,-0.8432028,0.5569432
1396,0.56226826,-0.8434548,0.83543813
1397,0.56239325,-0.84367806,1.1138327
1398,0.5624199,-0.84290373,1.3927742
1399,0.5627189,-0.843254,1.6715723
1400,0.5621679,-0.84382963,1.9504156
1401,0.5621945,-0.56170887,-1.9507322
1402,0.5626432,-0.5618584,-1.67176
1403,0.56209415,-0.5616331,-1.3926157
1404,0.5621945,-0.56198335,-1.1136229
1405,0.56191796,-0.56165767,-0.8350768
1406,0.5623441,-0.56198335,-0.55605745
1407,0.5622437,-0.5619076,-0.277288
1408,0.56204295,-0.56198335,0.0005801294
1409,0.5623441,-0.5618072,0.27827412
1410,0.5624936,-0.5615081,0.55699235
1411,0.56236863,-0.56158394,0.83573925
1412,0.5623441,-0.56118244,1.114056
1413,0.5626944,-0.5616331,1.3928992
1414,0.5621679,-0.56145895,1.6714208
1415,0.5625182,-0.5615573,1.9503152
1416,0.5619692,-0.27981344,-1.9507568
1417,0.5618442,-0.2798626,-1.6717621
1418,0.5621433,-0.27981344,-1.3923411
1419,0.5620696,-0.2799138,-1.1132481
1420,0.56236863,-0.27966186,-0.8347265
1421,0.5621945,-0.2795881,-0.5558833
1422,0.5621679,-0.27971306,-0.2774621
1423,0.56221914,-0.27951232,0.00077883195
1424,0.56236863,-0.2795881,0.27894807
1425,0.5625448,-0.27928698,0.5570927
1426,0.562594,-0.27978683,0.83573925
1427,0.5622437,-0.27938735,1.1141073
1428,0.562469,-0.27946317,1.3931491
1429,0.5627189,-0.27906165,1.6714966
1430,0.5619692,-0.2793382,1.9500898
1431,0.5619446,0.001907858,-1.9507815
1432,0.5622949,0.0025818078,-1.6711619
1433,0.562045,0.0025326442,-1.3923904
1434,0.5625182,0.002407687,-1.1136476
1435,0.5619938,0.0028317224,-0.83467734
1436,0.56226826,0.0026330198,-0.55558217
1437,0.5624199,0.002557226,-0.2772368
1438,0.5626944,0.0027313468,0.0008792075
1439,0.56244445,0.0023073114,0.27912423
1440,0.5624199,0.0028071406,0.55716646
1441,0.56279474,0.0026576016,0.8355385
1442,0.56239325,0.0030078916,1.1142076
1443,0.56239325,0.0028583526,1.3926493
1444,0.56244445,0.0029812614,1.6715212
1445,0.56244445,0.0024322688,1.9504156
1446,0.56211877,0.28304943,-1.9506811
1447,0.56221914,0.28304943,-1.6719116
1448,0.56221914,0.28294906,-1.3924907
1449,0.5622437,0.28287533,-1.1130965
1450,0.5621945,0.28292447,-0.83485353
1451,0.5622437,0.28292447,-0.55570716
1452,0.56236863,0.2830003,-0.27731258
1453,0.5624936,0.28279954,0.0012294976
1454,0.56226826,0.2829757,0.27879855
1455,0.56244445,0.28289992,0.5565929
1456,0.5625448,0.28285074,0.8355897
1457,0.56244445,0.28342432,1.114482
1458,0.5625694,0.2828241,1.3930999
1459,0.562594,0.28335056,1.6710213
1460,0.5623441,0.2835759,1.9503152
1461,0.56209415,0.56322,-1.9510826
1462,0.5623441,0.5628698,-1.6718112
1463,0.5623441,0.56294554,-1.3923904
1464,0.5623441,0.562921,-1.1132727
1465,0.56209415,0.5630459,-0.8349027
1466,0.56221914,0.56259525,-0.5559079
1467,0.5623441,0.56307054,-0.27756247
1468,0.5624936,0.56297016,0.0007542502
1469,0.5621433,0.5627448,0.27874732
1470,0.56236863,0.5628206,0.55729145
1471,0.56261855,0.5634966,0.8350633
1472,0.56226826,0.56312174,1.1139576
1473,0.5623441,0.56329584,1.3927251
1474,0.56261855,0.56371987,1.6716974
1475,0.56239325,0.5631709,1.9501902
1476,0.5621433,0.84356683,-1.9511809
1477,0.56191796,0.84311616,-1.6721123
1478,0.5618442,0.84356683,-1.3926669
1479,0.5616681,0.8431407,-1.113748
1480,0.56221914,0.8430916,-0.8349518
1481,0.56204295,0.84289086,-0.5561578
1482,0.56226826,0.8434173,-0.2777878
1483,0.5623441,0.84251595,0.000830044
1484,0.56201833,0.8435402,0.278649
1485,0.56239325,0.8430158,0.5565171
1486,0.56221914,0.84334147,0.8353644
1487,0.5622437,0.8435402,1.1141073
1488,0.56239325,0.84346646,1.3924506
1489,0.56226826,0.84356683,1.6713716
1490,0.5625694,0.84334147,1.9501656
1491,0.5620696,1.1238358,-1.6715121
1492,0.56201833,1.1233605,-1.3931913
1493,0.5621945,1.1233605,-1.113748
1494,0.56226826,1.123336,-0.8353021
1495,0.56211877,1.1232356,-0.5558321
1496,0.56221914,1.1233851,-0.2775379
1497,0.56201833,1.1234609,0.00092837104
1498,0.5624199,1.123635,0.2782987
1499,0.5625448,1.1239341,0.5567916
1500,0.5622949,1.1231843,0.8351882
1501,0.56209415,1.1235613,1.1139823
1502,0.5622949,1.1235858,1.3927497
1503,0.5624178,1.123635,1.6716974
1504,0.56209415,1.4037318,-1.3931155
1505,0.56174386,1.4037073,-1.1143215
1506,0.56201833,1.4036827,-0.8350522
1507,0.56211877,1.4039572,-0.55645686
1508,0.5617685,1.4039818,-0.27788818
1509,0.5621945,1.4037318,0.0008792075
1510,0.56226826,1.4038569,0.27859777
1511,0.5623441,1.403482,0.55711734
1512,0.56201833,1.4038814,0.83521485
1513,0.56239325,1.4038814,1.1138061
1514,0.56239325,1.404158,1.3922744
1515,0.5620696,1.684476,-1.1142231
1516,0.56201833,1.6842753,-0.835677
1517,0.5618176,1.6843756,-0.55690753
1518,0.56221914,1.6843511,-0.27783698
1519,0.5617193,1.6843265,0.0005289174
1520,0.561793,1.6846256,0.27842367
1521,0.56201833,1.6845007,0.5571419
1522,0.5622949,1.684476,0.8352886
1523,0.56239325,1.6849513,1.1138061
1524,0.56239325,1.9651691,-0.83602726
1525,0.5617685,1.9649683,-0.5566085
1526,0.56221914,1.9646938,-0.27801314
1527,0.5620696,1.9647183,0.0007296685
1528,0.561793,1.9652448,0.27859777
1529,0.5623441,1.9651198,0.55681825
1530,0.56216997,1.9648945,0.83521485
1531,0.8420886,-1.9709361,-0.55750775
1532,0.8421644,-1.97076,-0.27846175
1533,0.8418899,-1.9707108,0.00012946382
1534,0.8418899,-1.9706862,0.27839908
1535,0.8422156,-1.9705613,0.5562672
1536,0.8420886,-1.6895405,-1.1157227
1537,0.8422648,-1.6890652,-0.83647794
1538,0.8420394,-1.6892394,-0.5570817
1539,0.8422893,-1.6890652,-0.2780623
1540,0.8424389,-1.6890141,5.3670054e-05
1541,0.842064,-1.6891145,0.2782987
1542,0.8423406,-1.6891903,0.5569166
1543,0.8418653,-1.6891636,0.83458805
1544,0.84224015,-1.6888399,1.1137323
1545,0.8420886,-1.4075447,-1.394066
1546,0.84231395,-1.4070449,-1.114598
1547,0.8423897,-1.4075202,-0.83560324
1548,0.842064,-1.407518,-0.55680716
1549,0.8421398,-1.4076942,-0.27783698
1550,0.8421644,-1.4074935,0.0004797539
1551,0.8419903,-1.4075202,0.2783233
1552,0.8422156,-1.4071186,0.5565417
1553,0.8421152,-1.407344,0.8353132
1554,0.8423406,-1.4072948,1.1134558
1555,0.8425147,-1.4074689,1.3921494
1556,0.84193903,-1.1258746,-1.6733108
1557,0.8418899,-1.1261,-1.393265
1558,0.8420886,-1.1256739,-1.114598
1559,0.8420394,-1.125975,-0.83555204
1560,0.8420394,-1.1253481,-0.5563586
1561,0.84218895,-1.1256247,-0.27751333
1562,0.8423406,-1.1252744,0.0005289174
1563,0.84256387,-1.1254997,0.27839908
1564,0.84218895,-1.1253748,0.5569678
1565,0.84253925,-1.1255243,0.8354648
1566,0.84218895,-1.1252499,1.1138573
1567,0.8422648,-1.1254997,1.3921494
1568,0.8424389,-1.1254752,1.6715212
1569,0.8422156,-0.8436289,-1.6724114
1570,0.8422893,-0.8437047,-1.3933163
1571,0.84271544,-0.844055,-1.114172
1572,0.8421398,-0.84393,-0.83527756
1573,0.84271544,-0.84365344,-0.5563074
1574,0.84259045,-0.84367806,-0.27763623
1575,0.84256387,-0.8433298,0.0009550013
1576,0.84261507,-0.8432786,0.27857322
1577,0.84271544,-0.8436289,0.5565417
1578,0.84288955,-0.84350395,0.8352128
1579,0.8428158,-0.8433032,1.1140827
1580,0.8429387,-0.8435285,1.3928009
1581,0.8428158,-0.84350395,1.6713963
1582,0.8422893,-0.5620325,-1.951607
1583,0.8424901,-0.5620837,-1.6720858
1584,0.84231395,-0.5617826,-1.3924416
1585,0.842865,-0.561883,-1.1132727
1586,0.8427646,-0.5623828,-0.83475316
1587,0.84266424,-0.56170887,-0.5558567
1588,0.84294075,-0.5621329,-0.2777366
1589,0.84266424,-0.56210834,0.0010287465
1590,0.84271544,-0.5619076,0.27827412
1591,0.84261507,-0.5615573,0.5565417
1592,0.84271544,-0.5613832,0.83573925
1593,0.84296536,-0.56143236,1.114306
1594,0.8425659,-0.5613832,1.3928255
1595,0.8430391,-0.56143236,1.6713983
1596,0.84301454,-0.56145895,1.9504156
1597,0.8426396,-0.2799138,-1.9509555
1598,0.8427646,-0.27978888,-1.6720611
1599,0.8426888,-0.27968848,-1.3926915
1600,0.8429141,-0.2798872,-1.1137233
1601,0.84274,-0.27973765,-0.8349027
1602,0.8432644,-0.2798626,-0.55603284
1603,0.84274,-0.2799384,-0.27761164
1604,0.84266424,-0.27976224,0.00077883195
1605,0.8428158,-0.27976224,0.27844825
1606,0.8424655,-0.27956355,0.5569678
1607,0.84266424,-0.27998757,0.8354136
1608,0.8430903,-0.27943653,1.1140314
1609,0.84271544,-0.27928698,1.392299
1610,0.8427646,-0.27968848,1.6712712
1611,0.84296536,-0.27921325,1.9500898
1612,0.84236515,0.0021311422,-1.9508326
1613,0.8424901,0.0024568506,-1.6718603
1614,0.8429141,0.0026576016,-1.3924907
1615,0.84259045,0.002407687,-1.1136476
1616,0.8427892,0.0026063896,-0.83515257
1617,0.8426908,0.002407687,-0.55603284
1618,0.84288955,0.0023810568,-0.27736172
1619,0.84271544,0.002407687,0.0008546257
1620,0.8431149,0.0023073114,0.27904844
1621,0.8427646,0.0028071406,0.55726683
1622,0.8427646,0.002557226,0.8353644
1623,0.8428404,0.0028071406,1.1144063
1624,0.8429387,0.002506014,1.3926247
1625,0.84323984,0.002757977,1.6715232
1626,0.8427646,0.0029075162,1.9500653
1627,0.84253925,0.28310066,-1.9508572
1628,0.84256387,0.28302488,-1.671887
1629,0.84259045,0.28277496,-1.3929168
1630,0.8431149,0.28304943,-1.1138483
1631,0.8423897,0.28307402,-0.835128
1632,0.84294075,0.28254962,-0.556082
1633,0.84266424,0.28287533,-0.27761164
1634,0.8430903,0.28252503,0.0005289174
1635,0.8424389,0.28285074,0.2788477
1636,0.8428158,0.28275037,0.55701697
1637,0.84271544,0.28247586,0.83498955
1638,0.84294075,0.28320104,1.1138307
1639,0.84271544,0.28304943,1.392424
1640,0.84271544,0.28322563,1.6714474
1641,0.842865,0.28302488,1.9501902
1642,0.84236515,0.56322,-1.950931
1643,0.8422156,0.5631463,-1.6719854
1644,0.84259045,0.5627448,-1.3927898
1645,0.84266424,0.5628964,-1.1136476
1646,0.8427892,0.5626219,-0.8351772
1647,0.8427646,0.56236994,-0.5562582
1648,0.8429141,0.5628964,-0.27758706
1649,0.84259045,0.562796,0.0006047112
1650,0.8427892,0.562796,0.27887434
1651,0.84259045,0.56294554,0.55701697
1652,0.8425147,0.5630951,0.8352886
1653,0.8428404,0.5628964,1.1137569
1654,0.84274,0.56329584,1.3924998
1655,0.842865,0.56277144,1.6716727
1656,0.84301454,0.56319547,1.9501656
1657,0.84218895,0.84339064,-1.6726367
1658,0.84236515,0.843192,-1.3926915
1659,0.84259045,0.8432657,-1.1140982
1660,0.8423897,0.8431407,-0.8354025
1661,0.8428158,0.84339064,-0.5564835
1662,0.84256387,0.8429666,-0.2778124
1663,0.8424655,0.84299123,0.00077883195
1664,0.84266424,0.84311616,0.27852404
1665,0.8429899,0.84289086,0.55624264
1666,0.84261507,0.8430916,0.8350141
1667,0.8423406,0.84306496,1.1134558
1668,0.8423406,0.8432411,1.392424
1669,0.8426888,0.84339064,1.6707468
1670,0.84218895,1.1235347,-1.6725364
1671,0.84218895,1.123635,-1.3935416
1672,0.8426908,1.1230348,-1.1142231
1673,0.8424655,1.1234096,-0.83515257
1674,0.8422648,1.1237108,-0.5565327
1675,0.8420394,1.123211,-0.2777878
1676,0.8425147,1.1233605,0.00035479662
1677,0.8422648,1.12376,0.27859777
1678,0.8427646,1.1235347,0.556343
1679,0.84288955,1.1235347,0.8350387
1680,0.84224015,1.1233605,1.1138307
1681,0.8427892,1.1236596,1.3923256
1682,0.8424901,1.123336,1.6712979
1683,0.8424901,1.403781,-1.3936665
1684,0.8422893,1.4038814,-1.1149217
1685,0.84209067,1.4037318,-0.8355787
1686,0.8423406,1.4036314,-0.55680716
1687,0.8422136,1.4034307,-0.27793735
1688,0.8422893,1.4035311,0.0002032091
1689,0.8423385,1.4035823,0.277973
1690,0.8423406,1.403781,0.5565171
1691,0.8422648,1.4038569,0.8345389
1692,0.84196365,1.4037318,1.1137078
1693,0.84271544,1.4039572,1.3923502
1694,0.8420394,1.6842262,-1.1148726
1695,0.8421644,1.6842507,-0.83615226
1696,0.84174037,1.68405,-0.55658185
1697,0.8422893,1.6841503,-0.2780869
1698,0.8422893,1.6842753,-0.0001450325
1699,0.8424389,1.6844249,0.27817374
1700,0.84236515,1.6843511,0.5565171
1701,0.84224015,1.6844249,0.8350387
1702,0.84224015,1.6843756,1.1133308
1703,0.8420394,1.9647183,-0.5571821
1704,0.8419903,1.9647696,-0.27826306
1705,0.842064,1.9649683,0.00015404557
1706,0.8422156,1.9645689,0.27847284
1707,0.84236515,1.9649436,0.55669326
1708,1.1226833,-1.6889648,-0.83742845
1709,1.122632,-1.6893643,-0.5576573
1710,1.1223822,-1.6892148,-0.27831224
1711,1.1226833,-1.6892885,0.00012946382
1712,1.1224067,-1.6892885,0.2775981
1713,1.1228819,-1.6890652,0.5563164
1714,1.1225582,-1.6886637,0.834713
1715,1.1224333,-1.4073685,-1.1157718
1716,1.1224579,-1.4075447,-0.8362772
1717,1.1228819,-1.4069936,-0.5570837
1718,1.1223329,-1.4074689,-0.2781115
1719,1.1228819,-1.4074689,0.00015404557
1720,1.1230335,-1.4078704,0.27807337
1721,1.1229086,-1.4072436,0.5561668
1722,1.1225071,-1.4076697,0.83463925
1723,1.1227324,-1.4073951,1.1133308
1724,1.122632,-1.1257988,-1.394066
1725,1.1232077,-1.1256001,-1.1151224
1726,1.123183,-1.1257988,-0.83612764
1727,1.1225582,-1.1258992,-0.5570079
1728,1.1225829,-1.1259238,-0.2781627
1729,1.1228082,-1.1257497,0.0002544211
1730,1.1231585,-1.1258234,0.2776227
1731,1.1222818,-1.1259483,0.5567179
1732,1.123009,-1.1255243,0.8348892
1733,1.1227324,-1.1256739,1.1137058
1734,1.1228328,-1.1255735,1.3925244
1735,1.1227324,-0.84425366,-1.6732124
1736,1.1228328,-0.84407955,-1.3935416
1737,1.1227837,-0.843928,-1.1146718
1738,1.1228819,-0.84382963,-0.83560324
1739,1.1228082,-0.843803,-0.55663306
1740,1.1229331,-0.84430486,-0.27796194
1741,1.1228328,-0.8436289,0.0005043357
1742,1.1228573,-0.8439792,0.27814916
1743,1.1229331,-0.8438788,0.55629176
1744,1.1229577,-0.84350395,0.8352886
1745,1.1230826,-0.84355307,1.1137569
1746,1.1229823,-0.8439546,1.3921003
1747,1.1227324,-0.8437047,1.6709968
1748,1.1223822,-0.5624832,-1.6728109
1749,1.1229331,-0.56223327,-1.39339
1750,1.123183,-0.56205714,-1.1141227
1751,1.1230581,-0.5620325,-0.83550286
1752,1.1225337,-0.5619076,-0.5565081
1753,1.122757,-0.5619588,-0.2778124
1754,1.1232322,-0.5616331,0.00040396012
1755,1.1232077,-0.56170887,0.27824953
1756,1.1233326,-0.56223327,0.5563676
1757,1.1229331,-0.5616822,0.83493835
1758,1.1231585,-0.5616331,1.1139576
1759,1.1223822,-0.5618072,1.392174
1760,1.1229823,-0.5612828,1.6713225
1761,1.1227837,-0.28016374,-1.6722373
1762,1.1229331,-0.28001216,-1.3931668
1763,1.1230581,-0.28008795,-1.1139467
1764,1.1228819,-0.27978683,-0.83510345
1765,1.1231339,-0.27971306,-0.5562336
1766,1.1232588,-0.27968848,-0.2775379
1767,1.1230826,-0.28003877,0.0004797539
1768,1.1230335,-0.27973765,0.27872273
1769,1.1235088,-0.27941194,0.55664206
1770,1.123009,-0.27956355,0.83508784
1771,1.1229086,-0.27983803,1.1136565
1772,1.1231339,-0.27928698,1.3927497
1773,1.1232322,-0.27951232,1.6711975
1774,1.1230581,0.002006185,-1.6722865
1775,1.1232343,0.0025326442,-1.392841
1776,1.1231339,0.0027313468,-1.1141474
1777,1.1229823,0.0024568506,-0.83510345
1778,1.1232588,0.002407687,-0.5559571
1779,1.1231073,0.002407687,-0.27783698
1780,1.1230826,0.0025326442,0.00067845645
1781,1.1236337,0.0024814324,0.27859777
1782,1.1229577,0.0026063896,0.55699235
1783,1.1231339,0.0026576016,0.8350633
1784,1.123183,0.002757977,1.1137569
1785,1.1232322,0.0027067652,1.3924506
1786,1.123009,0.0029075162,1.6711729
1787,1.1230335,0.2831744,-1.672436
1788,1.1228082,0.2825742,-1.3929906
1789,1.1228573,0.2826254,-1.1144239
1790,1.1232343,0.2826254,-0.8354025
1791,1.1231585,0.28265,-0.5562582
1792,1.1232077,0.28279954,-0.27771202
1793,1.1229823,0.28250045,0.0006292929
1794,1.1232322,0.28272578,0.2784974
1795,1.1233592,0.28269917,0.55711734
1796,1.1229086,0.28294906,0.8353644
1797,1.123433,0.28302488,1.1139065
1798,1.1232077,0.2830003,1.3923994
1799,1.1232077,0.28307608,1.6716727
1800,1.123183,0.5630459,-1.6723869
1801,1.1230581,0.56299675,-1.3931421
1802,1.122757,0.5626956,-1.1142724
1803,1.1227837,0.56259525,-0.8354271
1804,1.1231339,0.562921,-0.5564835
1805,1.1230826,0.56267107,-0.27796194
1806,1.1226833,0.56272024,0.0002544211
1807,1.1230335,0.5626956,0.27842367
1808,1.1228819,0.56311965,0.556892
1809,1.1232322,0.5629947,0.83481336
1810,1.1229086,0.5628718,1.1139065
1811,1.1230069,0.56294554,1.3924751
1812,1.1228819,0.5631709,1.6711975
1813,1.1229823,0.84346646,-1.672686
1814,1.1229577,0.84316534,-1.3934658
1815,1.1228082,0.8428417,-1.1144218
1816,1.1224825,0.84289086,-0.8357036
1817,1.1227078,0.8430916,-0.55658185
1818,1.1224579,0.84294,-0.27793735
1819,1.123183,0.8432411,-2.0075224e-05
1820,1.1230069,0.8424668,0.27839908
1821,1.1228082,0.84304035,0.55681825
1822,1.1228328,0.8432657,0.83548933
1823,1.1231073,0.84304035,1.1138307
1824,1.1229577,0.84289086,1.3923502
1825,1.1229577,0.8429154,1.6711463
1826,1.1223822,1.1234096,-1.39339
1827,1.1228573,1.1233093,-1.1147475
1828,1.1229086,1.1231352,-0.8354783
1829,1.122757,1.1232356,-0.5565327
1830,1.1228082,1.1228852,-0.2780623
1831,1.122757,1.1229099,0.00017862734
1832,1.1229331,1.1232601,0.2788231
1833,1.1228819,1.1230594,0.5565929
1834,1.122757,1.1232356,0.83456343
1835,1.1232077,1.1232601,1.1135807
1836,1.1227837,1.12351,1.3922744
1837,1.1223329,1.4040064,-1.1153724
1838,1.1223822,1.4037073,-0.8362772
1839,1.1225582,1.403482,-0.5569567
1840,1.1224087,1.4037565,-0.27838802
1841,1.1230335,1.403482,0.0002544211
1842,1.122632,1.4038076,0.27819833
1843,1.1228328,1.4037565,0.556343
1844,1.122757,1.403908,0.8347396
1845,1.1230335,1.4039572,1.113632
1846,1.1225829,1.6841749,-0.83615226
1847,1.1225337,1.6838758,-0.556883
1848,1.1225071,1.6838758,-0.27863795
1849,1.1220831,1.68405,-2.2123704e-05
1850,1.1224087,1.6844003,0.27817374
1851,1.1225071,1.6841012,0.556218
1852,1.1227078,1.6842262,0.8347396
1853,1.4027535,-1.6889895,-0.27873832
1854,1.4026285,-1.6895896,-0.0003703653
1855,1.4029297,-1.6893152,0.2776227
1856,1.4030546,-1.4076451,-0.837029
1857,1.4028538,-1.4074444,-0.55778223
1858,1.4030055,-1.4076184,-0.27888784
1859,1.40278,-1.4077188,-0.0004215773
1860,1.4031304,-1.4074444,0.2777989
1861,1.4032041,-1.4074198,0.5565171
1862,1.4029297,-1.4073685,0.83491373
1863,1.4025793,-1.1256001,-1.1156981
1864,1.4027535,-1.1257497,-0.836353
1865,1.4033045,-1.1257743,-0.55693215
1866,1.4032308,-1.1260241,-0.27798653
1867,1.40303,-1.1257743,0.00027900285
1868,1.4031795,-1.125725,0.27819833
1869,1.4035544,-1.1258746,0.55624264
1870,1.4031059,-1.1254506,0.8346638
1871,1.4029542,-1.1254239,1.1134825
1872,1.4027044,-0.84407955,-1.3944163
1873,1.4031037,-0.8441287,-1.1152228
1874,1.4030055,-0.84402835,-0.8357036
1875,1.4031795,-0.84400374,-0.5567334
1876,1.403155,-0.84400374,-0.2784372
1877,1.4033291,-0.8443295,-7.128722e-05
1878,1.4032288,-0.8439792,0.27792382
1879,1.4033537,-0.8439792,0.55629176
1880,1.4031037,-0.84355307,0.8345389
1881,1.40303,-0.8436289,1.1133574
1882,1.4034541,-0.84382963,1.3921249
1883,1.4031304,-0.5621575,-1.3938652
1884,1.4031304,-0.5620837,-1.1147475
1885,1.403579,-0.5620837,-0.83602726
1886,1.4030792,-0.5618584,-0.55685836
1887,1.4030792,-0.5619588,-0.2781381
1888,1.403579,-0.5617826,0.00030358462
1889,1.4030792,-0.5618318,0.27872273
1890,1.4036056,-0.56228244,0.5565171
1891,1.4034048,-0.561883,0.8350387
1892,1.4035544,-0.56148356,1.1137058
1893,1.4035052,-0.56240743,1.3923748
1894,1.4035299,-0.280387,-1.6733108
1895,1.4034541,-0.2802375,-1.3934412
1896,1.4035544,-0.28011253,-1.1144977
1897,1.4029297,-0.28001216,-0.8357282
1898,1.4036794,-0.28006336,-0.55680716
1899,1.4032288,-0.28003877,-0.2780623
1900,1.4034048,-0.28003877,0.00040396012
1901,1.4037039,-0.28006336,0.2782475
1902,1.4041547,-0.2799384,0.5564413
1903,1.4033557,-0.2799384,0.8351391
1904,1.4034786,-0.2798872,1.1138061
1905,1.4036056,-0.2799138,1.392174
1906,1.4033045,-0.27983803,1.6709721
1907,1.4034048,0.002057397,-1.6724606
1908,1.4035052,0.0019324396,-1.3934412
1909,1.4039559,0.0018320641,-1.1140716
1910,1.4036303,0.0021823542,-0.83532876
1911,1.4034806,0.0021577724,-0.55633193
1912,1.4037061,0.0019324396,-0.2780623
1913,1.4037306,0.002206936,0.00027900285
1914,1.4033291,0.0022315178,0.27842367
1915,1.4036548,0.0025080626,0.5567179
1916,1.4039294,0.0021823542,0.8350141
1917,1.4036794,0.0027333954,1.1139576
1918,1.4037552,0.0022827298,1.3923994
1919,1.4036794,0.002407687,1.6710234
1920,1.4033557,0.28260082,-1.6728109
1921,1.4037552,0.28240007,-1.3936154
1922,1.4033045,0.28272578,-1.1140982
1923,1.4034048,0.28232428,-0.8356524
1924,1.4036056,0.2822997,-0.5561066
1925,1.4034541,0.2822751,-0.27823642
1926,1.4035052,0.28242466,-0.00017166274
1927,1.4036794,0.28242466,0.27804878
1928,1.4031304,0.28232428,0.5564925
1929,1.4035299,0.28247586,0.83463925
1930,1.4034786,0.28272578,1.113507
1931,1.4035299,0.28285074,1.392424
1932,1.4038043,0.28302488,1.6708472
1933,1.4035544,0.56267107,-1.3935661
1934,1.4035052,0.5624457,-1.1146472
1935,1.4033045,0.5624703,-0.8358286
1936,1.4032553,0.56261986,-0.55680716
1937,1.4035299,0.56259525,-0.27826306
1938,1.4036056,0.562796,0.0005043357
1939,1.4037039,0.5628452,0.2783233
1940,1.4034048,0.56242114,0.5564659
1941,1.4037552,0.5628698,0.83508784
1942,1.4033557,0.56259525,1.1134312
1943,1.4036303,0.56259525,1.3923748
1944,1.4035052,0.843192,-1.3939903
1945,1.4034048,0.84264094,-1.1150733
1946,1.4034048,0.84299123,-0.8357036
1947,1.4032553,0.8427413,-0.5570325
1948,1.4036794,0.8426655,-0.27836344
1949,1.4031059,0.84256715,2.9088294e-05
1950,1.4034541,0.84254056,0.27812254
1951,1.4036303,0.8425651,0.5564413
1952,1.4034541,0.84259176,0.8347888
1953,1.4035299,0.8427905,1.1135316
1954,1.4036303,0.84321654,1.3923502
1955,1.4029297,1.1233093,-1.1149483
1956,1.4032553,1.123635,-0.83612764
1957,1.4032041,1.122961,-0.5573582
1958,1.4034295,1.1229856,-0.27833682
1959,1.4033045,1.12241,-0.00034578354
1960,1.4033045,1.1228095,0.27769852
1961,1.4034806,1.1227357,0.5563676
1962,1.4029297,1.1229856,0.8346638
1963,1.4033291,1.1230348,1.1135561
1964,1.4031795,1.4033816,-0.8362772
1965,1.4030792,1.4032074,-0.55733365
1966,1.40303,1.4034307,-0.2786871
1967,1.403155,1.4032812,-7.128722e-05
1968,1.4031304,1.4030313,0.27754897
1969,1.4030055,1.4032321,0.5559169
1970,1.4033045,1.4036069,0.8347396
1971,1.4027044,1.6839762,-0.2784126
1972,1.403155,1.6841749,-0.0004707408
1973,1.4029297,1.6838001,0.2777743
1974,1.6831495,-1.407895,-0.2793631
1975,1.6836492,-1.4080937,-0.001171321
1976,1.6832744,-1.4080937,0.27714747
1977,1.6833748,-1.1263252,-0.8372789
1978,1.6834751,-1.1260241,-0.5578089
1979,1.6833502,-1.1261,-0.27871168
1980,1.683598,-1.1259238,-0.00022082626
1981,1.6837497,-1.1262249,0.27782345
1982,1.6835243,-1.1261737,0.5564413
1983,1.6833727,-1.1261,0.8346638
1984,1.6832231,-0.84435403,-1.1163229
1985,1.6838233,-0.8443295,-0.8366541
1986,1.6838233,-0.84460396,-0.55728245
1987,1.6837497,-0.84407955,-0.2784884
1988,1.6836492,-0.8441041,-4.6705463e-05
1989,1.6837988,-0.84437865,0.27792382
1990,1.6832231,-0.8442291,0.55629176
1991,1.683299,-0.8441533,0.8344385
1992,1.683598,-0.84400374,1.1131814
1993,1.6836739,-0.5627577,-1.1156981
1994,1.6838479,-0.562559,-0.836353
1995,1.6838746,-0.56293386,-0.55690753
1996,1.6835243,-0.56235826,-0.27861336
1997,1.6839237,-0.562432,0.00022983934
1998,1.6837988,-0.56228244,0.27809796
1999,1.6839483,-0.5623828,0.5566912
2000,1.6836739,-0.5619588,0.83498955
2001,1.6838992,-0.5625078,1.1129806
2002,1.6838233,-0.28058776,-1.3945658
2003,1.6837988,-0.28031328,-1.1149975
2004,1.6841245,-0.28046283,-0.836228
2005,1.6837497,-0.2802375,-0.55720866
2006,1.6837988,-0.28036243,-0.2780623
2007,1.6836001,-0.28018832,0.00015404557
2008,1.683725,-0.28041366,0.27869815
2009,1.6836492,-0.2802887,0.5566912
2010,1.6838992,-0.280387,0.83491373
2011,1.6840979,-0.27978888,1.1138061
2012,1.6842248,-0.28026205,1.3921003
2013,1.6840241,0.0015821496,-1.3937403
2014,1.6835243,0.001481774,-1.1149975
2015,1.6837497,0.0019324396,-0.8357036
2016,1.6840487,0.0015821496,-0.5569567
2017,1.6842248,0.0019816032,-0.27783698
2018,1.6839483,0.0014305621,0.000104882056
2019,1.6844481,0.0023318932,0.27809796
2020,1.683725,0.0020819786,0.5565417
2021,1.683975,0.0023073114,0.8346638
2022,1.6840733,0.0021823542,1.1136811
2023,1.6842248,0.002206936,1.3920491
2024,1.6832231,0.2828241,-1.3938407
2025,1.6839483,0.28225052,-1.1150733
2026,1.684149,0.28250045,-0.8360785
2027,1.683725,0.2821256,-0.5566822
2028,1.6839483,0.28190026,-0.2781627
2029,1.6841983,0.28232428,5.3670054e-05
2030,1.6842494,0.28240007,0.27827412
2031,1.6836246,0.28187567,0.5564925
2032,1.6839237,0.28225052,0.8350141
2033,1.6840733,0.28272578,1.1136074
2034,1.6838992,0.28242466,1.3921986
2035,1.6839483,0.5622962,-1.1149483
2036,1.6836492,0.56224495,-0.83590233
2037,1.68385,0.56224495,-0.55693215
2038,1.683299,0.56209546,-0.2780869
2039,1.68385,0.56242114,0.00015404557
2040,1.683725,0.5625215,0.27792382
2041,1.6840241,0.5622962,0.55624264
2042,1.6837497,0.56267107,0.8345389
2043,1.6838233,0.56236994,1.1134312
2044,1.6835243,0.8426655,-1.1156714
2045,1.683723,0.8423152,-0.8365271
2046,1.6836492,0.84294206,-0.55743194
2047,1.6833481,0.84281707,-0.27828765
2048,1.6836739,0.8426901,-9.5868985e-05
2049,1.6836246,0.8423664,0.27807337
2050,1.6836246,0.8426655,0.5561423
2051,1.6835488,0.84254056,0.8344385
2052,1.68385,0.84216565,1.1132817
2053,1.6834731,1.1227357,-0.83655375
2054,1.6835243,1.1226108,-0.55730903
2055,1.683598,1.122961,-0.2784884
2056,1.6836984,1.122535,0.00022983934
2057,1.683598,1.1227112,0.2775981
2058,1.683598,1.1229856,0.55604184
2059,1.6836492,1.1229856,0.83423775
2060,1.6835488,1.4033058,-0.27916235
2061,1.6837497,1.4027323,-0.000245408
2062,1.6834997,1.4029821,0.27789927
2063,1.9640472,-0.8446531,-0.55845827
2064,1.963996,-0.84435403,-0.2789882
2065,1.9642214,-0.84478015,-0.0007206554
2066,1.9638219,-0.84470433,0.27739736
2067,1.9640719,-0.8447535,0.55586773
2068,1.9645205,-0.56268394,-0.8374039
2069,1.9642951,-0.5629072,-0.55768394
2070,1.9642459,-0.56288266,-0.278937
2071,1.9640452,-0.5620837,-0.00012045074
2072,1.9644201,-0.56263274,0.27764934
2073,1.9646208,-0.56240743,0.5564413
2074,1.9644201,-0.5623091,0.83403903
2075,1.9641948,-0.28066358,-0.83677906
2076,1.9642459,-0.28086227,-0.55728245
2077,1.964672,-0.28046283,-0.27871168
2078,1.9647458,-0.280387,-2.0075224e-05
2079,1.9645205,-0.28096265,0.27802217
2080,1.9644959,-0.28036243,0.55611765
2081,1.9646966,-0.28041366,0.8346884
2082,1.9643463,0.00085698767,-0.8368037
2083,1.964672,0.0014571924,-0.5575323
2084,1.9644959,0.0015821496,-0.27828765
2085,1.9644959,0.0019324396,5.3670054e-05
2086,1.9644712,0.0017829007,0.27812254
2087,1.9644201,0.0017808522,0.5560931
2088,1.9642951,0.0015309376,0.83496493
2089,1.9640719,0.28200063,-0.8367525
2090,1.9642459,0.2817753,-0.55743194
2091,1.9645963,0.2821256,-0.27833682
2092,1.9647703,0.2819494,-4.6705463e-05
2093,1.964121,0.28187567,0.27814916
2094,1.964547,0.28192484,0.5561423
2095,1.965096,0.28219932,0.8344139
2096,1.9643708,0.56236994,-0.83672786
2097,1.9650714,0.5624457,-0.5574586
2098,1.9643708,0.5624703,-0.27871168
2099,1.9643708,0.5619705,-0.00012045074
2100,1.9645205,0.56172055,0.2775981
2101,1.9642459,0.5622204,0.556091
2102,1.9643217,0.5619459,0.83451426
2103,1.9643955,0.8426901,-0.5576081
2104,1.9645205,0.8424668,-0.27856213
2105,1.9640964,0.8423152,0.000104882056
2106,1.9643463,0.8423664,0.27769852
2107,1.9645205,0.842391,0.55624264
2108,2.2449389,0.00085698767,0.0002032091
