experiment_id,Ar,theta,phi
0,-0.64548296,-0.03678424,-1.8016696
1,0.020715274,0.55257475,-1.4634191
2,-0.024062002,0.24441123,-1.43995
3,-0.3857566,0.058162104,-1.466966
4,-0.13411044,-0.36012197,-1.4306141
5,0.0983716,-0.4474188,-1.4322369
6,-0.05252062,0.83202314,-1.5851083
7,-0.5576074,0.508121,-1.592993
8,-0.6237803,0.1927638,-1.5610777
9,-0.7205071,-0.106436476,-1.5873896
10,-0.61600983,-0.204866,-1.5582701
11,-0.19503084,-0.5866643,-1.5710065
12,-0.17045751,-0.76422846,-1.6005862
13,0.11159377,0.8608267,-1.655164
14,-0.24033023,0.674138,-1.6363728
15,-0.60956484,0.32076573,-1.7028261
16,-0.73558235,0.100059524,-1.7390764
17,-0.77541775,-0.39017713,-1.6367962
18,-0.6302111,-0.6196213,-1.7084055
19,-0.14318492,-0.79820216,-1.7409285
20,-0.3365991,0.8610249,1.7923361
21,-0.48013505,0.6790829,1.7283752
22,-0.76386225,0.22356173,-1.7975231
23,-0.74933004,-0.0042173853,-1.7836889
24,-0.823803,-0.38017637,1.7582862
25,-0.71403867,-0.52856934,1.7827753
26,-0.24792399,-0.8375018,-1.7813154
27,-0.0069265007,0.83723587,1.5939435
28,-0.3233912,0.6478473,1.6654229
29,-0.7171611,0.42886332,1.6220831
30,-0.8502888,0.028615208,1.6770618
31,-0.7125174,-0.3901549,1.5730562
32,-0.5970132,-0.6000016,1.6638297
33,-0.12999271,-0.8771744,1.5833939
34,0.22533678,0.83537143,1.4600637
35,-0.18174122,0.61875707,1.5141723
36,-0.64894253,0.21488395,1.5383524
37,-0.67560387,-0.099968046,1.5375712
38,-0.43194,-0.17545041,1.5259652
39,-0.17035294,-0.61465126,1.4480358
40,0.24576645,-0.8372485,1.4788193
41,0.059253134,0.43957675,1.3579124
42,-0.0020803455,0.16169663,1.3904357
43,-0.07917311,-0.06414276,1.3730087
44,-0.31099138,-0.223937,1.417371
45,0.07823881,-0.5661042,1.3783787
46,0.38339826,0.19545792,-1.276409
47,0.45585492,0.05186926,-1.2516229
48,0.684216,-0.2735832,-1.2535983
49,0.3940482,0.6883278,-1.3622957
50,0.2617122,0.44137096,-1.284512
51,0.1455342,0.16299683,-1.2855064
52,-0.0496788,0.09893943,-1.3178734
53,0.3061043,-0.31682563,-1.3134127
54,0.30397668,-0.37960938,-1.3002154
55,0.22375776,-0.6488197,-1.3169955
56,0.27557772,0.9281177,-1.4058859
57,0.053653024,0.8221875,-1.4197376
58,-0.2121344,0.60591316,-1.4187188
59,-0.54467285,0.32125035,-1.4297031
60,-0.64269465,0.11086593,-1.4198439
61,-0.5667977,-0.3640984,-1.4355115
62,-0.2049318,-0.51849586,-1.398662
63,0.0038167378,-0.8344528,-1.4349506
64,0.6247103,-1.0224136,-1.3971347
65,0.45513684,1.0939628,-1.4542816
66,-0.33412182,0.9023454,-1.5530576
67,-0.33743167,0.65432596,-1.5122303
68,-0.73164755,0.37202844,-1.5077416
69,-0.7648405,0.049155124,-1.4741657
70,-0.5499563,-0.4194865,-1.4992932
71,-0.5825707,-0.6146249,-1.5276352
72,-0.3150437,-0.8173044,-1.4619155
73,0.37201762,-1.0606709,-1.5121758
74,0.79033685,1.2574466,-1.6660587
75,0.21835141,1.1279794,-1.6865625
76,-0.319242,1.0266689,-1.684158
77,-0.83134884,0.61379254,-1.6213968
78,-0.98106253,0.22676593,-1.6611018
79,-1.1448419,-0.12254566,-1.6547242
80,-1.0123373,-0.3122037,-1.6912698
81,-0.86343694,-0.75284916,-1.6843914
82,-0.30099323,-0.9760916,-1.6256915
83,-0.19929862,-1.0941029,-1.6302451
84,0.6704684,-1.2651967,-1.6441085
85,0.63822377,1.2997367,1.721878
86,-0.10546255,1.161954,1.7619929
87,-0.5508432,0.97457534,-1.8076711
88,-0.95103586,0.7466682,1.7452601
89,-1.0016025,0.40387458,-1.7886575
90,-1.2537652,-0.07981075,-1.7862211
91,-1.1948485,-0.4891715,1.7734132
92,-0.74197483,-0.7391875,-1.8032466
93,-0.3300325,-0.975532,1.7429372
94,-0.09950405,-1.0738344,1.7619817
95,0.72360927,-1.316272,1.7705216
96,0.4555323,1.2924944,1.6511884
97,-0.06359245,1.0416793,1.6207583
98,-0.42452168,0.87469274,1.6737561
99,-0.7320895,0.68919516,1.6147491
100,-0.8293974,0.41174456,1.5606717
101,-1.0692903,-0.047844183,1.6734036
102,-0.8595344,-0.44297132,1.5853109
103,-0.76559347,-0.6073359,1.6379038
104,-0.30489394,-0.9827131,1.5455325
105,0.12985043,-1.0988886,1.5736371
106,0.5302744,-1.3047544,1.6054556
107,0.24316728,0.9865263,1.4538172
108,-0.20191826,0.75591314,1.4447507
109,-0.47047636,0.6290321,1.4570774
110,-0.63937414,0.44304106,1.4453566
111,-0.84356713,-0.1045757,1.5280426
112,-0.6488166,-0.25602624,1.4468855
113,-0.5007835,-0.6696822,1.5258356
114,-0.02356424,-0.9271279,1.4441928
115,0.051671825,-0.9729925,1.5336343
116,0.60451764,0.94443953,1.3561798
117,0.27885658,0.7631017,1.3311439
118,-0.08077125,0.5109546,1.3721888
119,-0.48067865,0.18887998,1.3476793
120,-0.28232402,-0.093052216,1.3604283
121,-0.30570903,-0.3203613,1.3283199
122,-0.102339186,-0.5716931,1.3839976
123,0.35334662,-0.761452,1.337577
124,0.5226232,-0.9978358,1.3938351
125,0.64492273,0.7244608,1.2937489
126,0.46003,0.41934535,1.2671739
127,0.15503578,0.33005336,1.2553855
128,0.04094709,0.094932094,1.2894852
129,0.11660055,-0.2485864,1.272366
130,0.30508745,-0.55178386,1.2922276
131,0.6072803,-0.67721325,1.2798742
132,0.7095816,0.16255549,1.2004584
133,0.5763214,-0.0332523,1.2035884
134,0.62951237,-0.2954317,1.2065881
135,0.82414824,0.25281543,-1.1623038
136,0.7602591,0.043118134,-1.1545843
137,0.7194205,-0.1965529,-1.1667861
138,0.9294704,0.6919152,-1.2231939
139,0.5947648,0.34838757,-1.2155542
140,0.4493288,0.25278857,-1.1903163
141,0.053867612,0.043357722,-1.2231297
142,0.30556056,-0.3088921,-1.2061161
143,0.66987324,-0.49543232,-1.1978036
144,0.70784837,-0.718292,-1.2313607
145,0.59906495,0.89464825,-1.2985673
146,0.23059458,0.7784234,-1.261415
147,0.18162873,0.5701575,-1.2340049
148,0.056153864,0.30603522,-1.252481
149,-0.13061531,0.103876896,-1.2578886
150,-0.19380601,-0.29916832,-1.2812706
151,0.2116025,-0.47949663,-1.2503219
152,0.031785086,-0.72332525,-1.2748902
153,0.7416476,-0.93013287,-1.2906108
154,0.6738185,1.1913712,-1.3541343
155,0.113473155,1.0103145,-1.357421
156,-0.11146223,0.854711,-1.3956441
157,-0.5987345,0.70055866,-1.3671974
158,-0.74404544,0.21148251,-1.3960696
159,-0.7681424,0.0836161,-1.3460432
160,-0.8250761,-0.29250672,-1.395082
161,-0.47617242,-0.5518154,-1.306016
162,-0.15759423,-0.7513004,-1.3336792
163,0.3059754,-1.0204432,-1.358956
164,0.5453123,-1.1638883,-1.3776653
165,0.62359625,1.334259,-1.5040063
166,0.23783538,1.1216451,-1.4150707
167,-0.46050093,1.0253284,-1.491426
168,-0.8379516,0.68867373,-1.5465466
169,-0.9687823,0.36562636,-1.4653562
170,-1.2493266,0.04377412,-1.4565613
171,-1.1461364,-0.279247,-1.4707718
172,-0.86782587,-0.7149505,-1.483551
173,-0.357982,-0.87044597,-1.4629602
174,0.045406584,-1.1314842,-1.4587929
175,0.40695876,-1.2493519,-1.5433229
176,1.0066538,1.437846,-1.5997877
177,0.4102238,1.4241949,-1.707181
178,0.12637943,1.2419599,-1.5867785
179,-0.5872717,1.0363523,-1.6226072
180,-1.0571696,0.85335743,-1.6584476
181,-1.1911737,0.54642695,-1.5715849
182,-1.4385757,-0.043417707,-1.5731869
183,-1.3374491,-0.40168053,-1.6511348
184,-1.1022288,-0.64079565,-1.5636973
185,-0.7129736,-0.9037572,-1.6000034
186,0.002860654,-1.2106211,-1.6148235
187,0.491714,-1.2990724,-1.5810262
188,0.9100555,-1.4222374,-1.6636479
189,1.1277276,1.4925122,1.743634
190,0.422325,1.4396368,-1.7817699
191,-0.303577,1.1623383,1.7284018
192,-0.6019786,1.1254596,1.7684987
193,-1.3115594,0.7332187,1.7029905
194,-1.3220406,0.38608596,1.7128811
195,-1.4651008,0.019011201,-1.8184716
196,-1.2989603,-0.5765098,-1.7911209
197,-1.2500883,-0.725018,1.700075
198,-0.705075,-1.0998048,1.7476379
199,-0.17188129,-1.2097344,1.7123162
200,0.5198758,-1.3782463,1.7864525
201,0.9242312,-1.4647396,1.7616916
202,1.1820054,1.4451286,1.6314712
203,0.42426613,1.3973451,1.6293265
204,-0.06287484,1.3158486,1.617047
205,-0.75468844,1.0162874,1.6065136
206,-1.1049552,0.7499448,1.5486406
207,-1.2286804,0.5435051,1.523111
208,-1.4358242,-0.08012117,1.6139089
209,-1.4281344,-0.30635,1.5787587
210,-0.9835581,-0.6938208,1.5487481
211,-0.5130785,-1.1264113,1.5724168
212,-0.14184025,-1.1820971,1.634578
213,0.57742214,-1.3859806,1.5967375
214,0.8585655,-1.4577107,1.6116087
215,0.4287425,1.2248349,1.4702415
216,0.07040707,1.138791,1.4898131
217,-0.45187023,0.9073763,1.4411445
218,-0.7821652,0.8165809,1.4678726
219,-1.0026753,0.45912305,1.4325058
220,-0.91565233,-0.06651108,1.3861786
221,-0.8843674,-0.3089038,1.3999606
222,-0.62616503,-0.7251868,1.4161668
223,-0.2844629,-1.0095667,1.446945
224,-0.022892777,-1.1510569,1.4017657
225,0.74964905,-1.2228115,1.402911
226,0.72735786,1.0779301,1.2852395
227,0.22616194,0.9547889,1.3040953
228,0.026949802,0.7280119,1.2961117
229,-0.2882421,0.6717542,1.2817453
230,-0.506918,0.3765959,1.3331414
231,-0.51326984,-0.08530492,1.2997156
232,-0.7321879,-0.39954293,1.3285332
233,-0.35285333,-0.6124289,1.3225617
234,-0.26187786,-0.76810044,1.3406062
235,0.4116934,-0.966341,1.2994084
236,0.8868504,-1.14379,1.3130878
237,0.8659758,0.8635999,1.1920304
238,0.37431332,0.82241726,1.2342194
239,-0.2304196,0.45646957,1.238937
240,0.0453064,0.3290192,1.2447941
241,-0.32193115,-0.05510261,1.2280742
242,-0.33225566,-0.21089649,1.2432349
243,0.19461729,-0.44342533,1.235358
244,0.5149097,-0.73721504,1.189017
245,0.83618855,-0.84735066,1.1959742
246,0.94790065,0.59547997,1.1736419
247,0.69862586,0.47661015,1.149343
248,0.32126975,0.23024465,1.1712457
249,0.6121067,0.055129707,1.1607146
250,0.4741782,-0.14139454,1.1780429
251,0.7659507,-0.44811246,1.1440802
252,0.79700345,-0.601989,1.1739033
253,0.8261036,0.22719398,1.1393919
254,1.1788474,0.068154946,1.1195018
255,0.94090366,-0.23622468,1.1517133
256,1.2799622,0.53497446,-1.1203179
257,1.0881083,0.4101394,-1.1341898
258,0.952438,0.27069435,-1.1046251
259,0.7455937,0.076471135,-1.1200967
260,0.6863064,-0.17585075,-1.1100805
261,1.072747,-0.38449445,-1.0973612
262,1.2161354,-0.53208786,-1.1011775
263,1.2775332,0.8286723,-1.1652337
264,0.5722473,0.72633654,-1.1802665
265,0.4055592,0.45120296,-1.1530443
266,0.16703758,0.30057085,-1.1793821
267,-0.023015015,-0.020239037,-1.1505814
268,-0.030337833,-0.25856978,-1.1610681
269,0.2942872,-0.41745922,-1.1465471
270,0.47785404,-0.60875255,-1.1486955
271,0.69396544,-0.79534656,-1.166885
272,1.0100453,1.1530013,-1.2473985
273,0.79105806,0.9165294,-1.1933655
274,0.34366864,0.696397,-1.2035509
275,-0.20475708,0.45852646,-1.2146196
276,-0.3882933,0.22496335,-1.1895765
277,-0.5829733,-0.032662876,-1.204686
278,-0.29584762,-0.17827827,-1.1958914
279,-0.24446762,-0.6381743,-1.2139107
280,-0.084968746,-0.7340465,-1.2377977
281,0.58465993,-0.9079763,-1.178886
282,0.8982057,-1.0760558,-1.2197144
283,1.1665584,1.3089,-1.2707301
284,0.84112716,1.2778821,-1.2850591
285,0.42430234,1.089143,-1.2299162
286,-0.21014251,1.0170779,-1.3283569
287,-0.5966125,0.7019802,-1.290865
288,-0.6446168,0.4127169,-1.2494868
289,-1.1008468,0.12739235,-1.3398154
290,-1.0610077,-0.27752805,-1.3006651
291,-0.5824076,-0.7502964,-1.3007891
292,-0.32188192,-0.8672013,-1.2986745
293,0.19159082,-0.9756782,-1.2742046
294,0.68894804,-1.188354,-1.2717474
295,1.208815,-1.2642812,-1.2792994
296,1.0469549,1.430385,-1.4490006
297,0.6186708,1.35409,-1.3818406
298,-0.34035665,1.2157698,-1.4595705
299,-0.6678788,1.1548806,-1.4308676
300,-0.89886206,0.87505126,-1.427007
301,-1.2075197,0.4122561,-1.3712528
302,-1.4202565,0.0343981,-1.4398502
303,-1.3738201,-0.43632823,-1.433901
304,-0.9878788,-0.87967426,-1.4862081
305,-0.65244913,-1.0198964,-1.4125663
306,-0.13485493,-1.2179027,-1.3819926
307,0.37251258,-1.4050817,-1.4545614
308,1.034611,-1.4765588,-1.3980967
309,0.8336291,1.5399978,-1.6243155
310,0.04090736,1.4331269,-1.5165023
311,-0.39562607,1.37308,-1.6364564
312,-0.70378435,1.1332891,-1.5429281
313,-1.3160063,0.919593,-1.5733216
314,-1.6233481,0.37940893,-1.6078265
315,-1.5721015,0.18585356,-1.5436792
316,-1.697774,-0.3639676,-1.5859416
317,-1.5533369,-0.8532438,-1.630286
318,-1.0309887,-1.1950687,-1.6490641
319,-0.45919567,-1.3665786,-1.6147351
320,0.035393123,-1.3902172,-1.5435824
321,0.79091525,-1.5499971,-1.5028299
322,0.8930667,1.5740926,1.6871357
323,0.3634527,1.5532185,1.7062768
324,-0.59178245,1.3417407,-1.7581652
325,-0.7765619,1.3384153,-1.7310333
326,-1.2240219,0.99108964,-1.7505282
327,-1.7956246,0.4746731,-1.8018695
328,-1.8252913,-0.19933333,-1.8129557
329,-1.7681453,-0.49236783,-1.757046
330,-1.2592795,-0.9830596,1.740185
331,-1.1350553,-1.1533545,1.6817178
332,-0.2740575,-1.3821801,-1.7771654
333,0.13258344,-1.5351119,1.7567449
334,0.6670601,-1.5342299,1.7815094
335,0.6613916,1.4933579,1.4928356
336,0.26087892,1.3591906,1.4763582
337,-0.1944387,1.3933278,1.5194801
338,-0.70666647,1.2923397,1.6000395
339,-1.156025,0.96710503,1.5222234
340,-1.5729994,0.56759435,1.5890099
341,-1.6915987,0.17358328,1.4744003
342,-1.5533277,-0.6258424,1.4499199
343,-1.5051737,-0.78775114,1.568322
344,-1.0131531,-1.0468633,1.4411463
345,-0.5936526,-1.3677669,1.5971991
346,0.10625499,-1.452091,1.6229588
347,0.9062212,-1.5999209,1.59923
348,1.2525883,1.4521382,1.3448071
349,0.31207648,1.3334612,1.3621689
350,-0.199444,1.2703933,1.37597
351,-0.6324003,1.0075631,1.4107686
352,-0.94848645,0.8171775,1.3952388
353,-1.3824857,0.57853484,1.3807645
354,-1.3590755,-0.046399858,1.350701
355,-1.2389783,-0.54732203,1.4209145
356,-1.0750072,-0.7037921,1.3305008
357,-0.58204764,-1.0643646,1.4392489
358,-0.2609729,-1.1569204,1.3664151
359,0.29140761,-1.3477656,1.3873968
360,0.998522,-1.4295658,1.4072688
361,1.3538061,1.2762699,1.2229824
362,0.6851963,1.249667,1.2360526
363,0.2374793,0.9271172,1.2308048
364,-0.42101443,0.8618549,1.2963011
365,-0.5543117,0.7434328,1.2676547
366,-0.7720106,0.23352401,1.2655014
367,-0.89354664,-0.05056175,1.2312697
368,-0.7463508,-0.2992217,1.2167614
369,-0.41989622,-0.6500032,1.2096587
370,-0.31195575,-0.7983522,1.2417145
371,0.3038914,-1.0270771,1.2205423
372,0.45764196,-1.224365,1.2826743
373,1.4275868,-1.3367676,1.2561392
374,1.1421556,1.1086173,1.1919384
375,0.66471946,0.8203048,1.1660168
376,0.2939959,0.71419555,1.1671338
377,-0.16163917,0.54856557,1.1681491
378,0.0039522136,0.299319,1.1727157
379,-0.3331503,0.0123933675,1.1926782
380,-0.31209886,-0.38242748,1.2094636
381,0.003336814,-0.46534437,1.1710539
382,0.17266493,-0.8586163,1.1715841
383,0.7865806,-0.9098985,1.1731278
384,1.1380005,-1.0416461,1.1303577
385,0.93597955,0.85733163,1.1143817
386,0.7813779,0.6769515,1.1276089
387,0.34605795,0.37187892,1.1071258
388,0.43925157,0.22828382,1.1093326
389,0.45098537,-0.012472526,1.1102074
390,0.43102217,-0.20418708,1.123754
391,0.47033563,-0.36545348,1.1055329
392,0.6449292,-0.66442245,1.1331125
393,1.1306791,-0.8011325,1.1400564
394,1.3128152,0.49324474,1.0988574
395,1.0302615,0.3816486,1.0877515
396,0.7715402,0.13798974,1.0920845
397,0.75835407,-0.07586861,1.092372
398,0.8599484,-0.23580262,1.1094441
399,1.0412002,-0.38308483,1.0775613
400,1.3292583,-0.61711913,1.0880215
401,1.5942178,0.29906052,-1.0341693
402,1.5062597,0.1377422,-1.0520667
403,1.2892747,-0.032081943,-1.0441034
404,1.0804771,-0.22080049,-1.070582
405,1.5284336,-0.30740845,-1.0430793
406,1.6278002,0.7378534,-1.0530391
407,1.097411,0.6073079,-1.0711623
408,0.894672,0.3673491,-1.058088
409,0.4300558,0.1997102,-1.0661868
410,0.5236453,0.038923413,-1.0630748
411,0.6886495,-0.2384033,-1.0556896
412,0.8956522,-0.40328607,-1.0780859
413,0.9243515,-0.5647143,-1.0607183
414,1.2421727,-0.7862708,-1.0616285
415,1.2457485,0.91803604,-1.1112428
416,0.7335878,0.8137101,-1.0961981
417,0.43234766,0.6697852,-1.0934744
418,0.06872323,0.5328744,-1.1035522
419,0.29712012,0.19541393,-1.1091441
420,-0.12464411,-0.059660465,-1.090353
421,-0.03709963,-0.22923593,-1.1096319
422,0.2733747,-0.43685746,-1.110458
423,0.7708618,-0.7166524,-1.0845174
424,0.6748716,-0.81202745,-1.1236387
425,1.4485887,-0.94601727,-1.0936673
426,1.3144808,1.1588134,-1.128455
427,0.9101759,1.0338626,-1.1392668
428,0.33348396,0.9110124,-1.1214805
429,-0.11154414,0.8131826,-1.1559658
430,-0.4055757,0.6417404,-1.1931238
431,-0.5061284,0.25886202,-1.1286818
432,-0.73210025,-0.008921102,-1.1495485
433,-0.26975617,-0.37122986,-1.1503471
434,-0.1518969,-0.5142282,-1.1201992
435,-0.17726997,-0.73710763,-1.1320858
436,0.5420779,-0.8867787,-1.1527692
437,0.90172565,-1.1718285,-1.1783979
438,1.2981813,-1.194553,-1.1515405
439,0.9436377,1.371514,-1.1854454
440,0.7899487,1.2633282,-1.1928757
441,0.23726535,1.0649385,-1.2039735
442,-0.3581018,0.9466674,-1.227097
443,-0.77751774,0.8091326,-1.2165947
444,-0.9834917,0.5129995,-1.2402452
445,-1.2442846,-0.045014538,-1.2163538
446,-1.1253314,-0.43957096,-1.2580069
447,-0.9463566,-0.70276433,-1.2462893
448,-0.51091075,-0.8557736,-1.1639955
449,0.17951131,-1.139833,-1.1867418
450,0.6233153,-1.3313081,-1.2684703
451,1.2022942,-1.3975681,-1.2294176
452,1.3268362,1.5925514,-1.2954549
453,1.0537041,1.5352582,-1.3377385
454,0.29662773,1.5093731,-1.3622528
455,-0.4544266,1.2354072,-1.3810303
456,-0.65678525,1.1078273,-1.2574699
457,-1.0491357,0.80517215,-1.2794374
458,-1.819896,0.4796124,-1.3431746
459,-1.554477,0.064761825,-1.2763422
460,-1.512955,-0.44870898,-1.3360856
461,-1.1093476,-0.87363297,-1.271066
462,-0.75829685,-1.1892992,-1.3564175
463,-0.303538,-1.1902871,-1.3001621
464,0.40094057,-1.3951051,-1.3319508
465,0.9578928,-1.5601335,-1.3695712
466,1.4012666,-1.5964044,-1.3903595
467,1.1028403,1.7085097,-1.5808885
468,0.86848325,1.582301,-1.4556276
469,0.3181618,1.5873345,-1.5789052
470,-0.31999734,1.4366609,-1.4345859
471,-0.7817696,1.335593,-1.5484945
472,-1.4504373,1.1311375,-1.5731827
473,-1.9730575,0.5224099,-1.5691274
474,-1.9752289,-0.19591941,-1.4630456
475,-2.1747768,-0.44457528,-1.5804715
476,-1.4575919,-1.1631465,-1.5447385
477,-1.2899958,-1.2817396,-1.6140141
478,-0.6779151,-1.450497,-1.5931535
479,0.27070203,-1.574654,-1.4866506
480,0.59941155,-1.664918,-1.6322527
481,1.1658355,-1.7141287,-1.5897831
482,1.3391415,1.7266922,-1.7847626
483,0.65314287,1.6423073,-1.7472328
484,0.26376554,1.6025988,-1.7507534
485,-0.32936218,1.4956774,1.7024405
486,-1.1679457,1.4358369,1.7785449
487,-1.5066686,1.2554488,-1.8054566
488,-2.1036832,0.71866477,-1.8221099
489,-2.279558,-0.17962499,1.7934943
490,-2.2016563,-0.6031329,-1.7764642
491,-1.5245234,-1.2379729,-1.7443446
492,-0.98359084,-1.496589,-1.8024195
493,-0.277533,-1.5216895,1.6539617
494,-0.044906195,-1.6647267,1.6901821
495,0.7594313,-1.7337582,1.777169
496,1.38271,-1.7365724,1.7821461
497,1.6286969,1.68203,1.4559438
498,0.6851334,1.5891547,1.3789943
499,0.068979,1.4774362,1.4608358
500,-0.38305506,1.4391559,1.3928151
501,-0.798139,1.2854637,1.405697
502,-1.5803206,0.96588564,1.4877423
503,-1.9648076,0.4995817,1.3993309
504,-2.1453667,0.23300338,1.4990339
505,-1.8904974,-0.6966628,1.4365276
506,-1.3425349,-1.1360614,1.4545479
507,-1.1836807,-1.2359182,1.5594335
508,-0.30147788,-1.4389325,1.4090396
509,0.26113,-1.6304182,1.4538547
510,0.57668465,-1.6467004,1.495085
511,1.1344352,-1.6211035,1.4102707
512,1.4548204,1.5717801,1.2492887
513,0.84879977,1.4424525,1.2835679
514,0.45405057,1.4875659,1.3183825
515,-0.06337231,1.3777767,1.3109941
516,-0.58603865,1.1402112,1.3008333
517,-1.1454257,0.9329996,1.2758617
518,-1.5453928,0.34998852,1.2583076
519,-1.6753275,-0.16629489,1.3406297
520,-1.6588959,-0.372924,1.2453616
521,-1.3112019,-0.8404883,1.2658442
522,-0.6639899,-1.1160352,1.3072377
523,-0.018135728,-1.2586163,1.2531819
524,0.1905126,-1.3133534,1.2548338
525,0.89334637,-1.5359429,1.3430135
526,1.383447,-1.531069,1.254339
527,1.0457634,1.281007,1.1258013
528,0.59026694,1.2191429,1.170728
529,-0.04553694,1.0317193,1.2045776
530,-0.60568047,0.9500559,1.1866928
531,-0.65659124,0.5938616,1.1729107
532,-0.83227897,0.41502684,1.137901
533,-1.0464072,-0.012077118,1.1651126
534,-0.87086505,-0.24027164,1.1436694
535,-0.73527414,-0.7762334,1.197808
536,-0.12773143,-0.942963,1.1628269
537,0.15516113,-1.1900905,1.2053142
538,0.7272381,-1.225706,1.1579769
539,1.033419,-1.308608,1.1336957
540,1.5076163,1.2649705,1.1017927
541,0.8031323,1.0745045,1.0828751
542,0.44465774,0.9737406,1.1382726
543,0.052784797,0.74872035,1.1382458
544,-0.41092718,0.53622454,1.0942814
545,-0.34959802,0.37367424,1.1022817
546,-0.6985662,0.018201964,1.1204234
547,-0.6381638,-0.21690191,1.1223897
548,-0.39685702,-0.4835372,1.1417246
549,0.12644286,-0.78878194,1.0944827
550,0.42751297,-0.91965663,1.1228725
551,0.8931821,-1.0501583,1.0951837
552,1.3736618,-1.212717,1.0844876
553,1.5207497,0.9722934,1.0625738
554,0.7697782,0.7840353,1.0683689
555,0.4886977,0.72777414,1.0942806
556,0.53613234,0.4416583,1.0782076
557,0.31548595,0.17736061,1.0808243
558,0.31144443,-0.024609579,1.0770481
559,0.034974787,-0.26414737,1.0530629
560,0.2953995,-0.56328607,1.0666709
561,0.49214467,-0.7501419,1.0808587
562,1.0059257,-0.75524336,1.0420287
563,1.3411525,-0.88449687,1.0475222
564,1.3486841,0.7112309,1.0415137
565,1.214131,0.63235056,1.0306827
566,0.8631408,0.3579119,1.0615282
567,0.49281722,0.14355361,1.0339386
568,0.6477467,0.06598166,1.05193
569,0.72464657,-0.21499056,1.0320631
570,0.7466482,-0.47026497,1.050989
571,1.0293685,-0.5696057,1.0610224
572,1.4853508,-0.73118144,1.0365268
573,1.6758845,0.39069974,1.0028882
574,1.5475329,0.13038635,1.0188575
575,1.1483563,0.06924042,1.0379317
576,1.4679389,-0.15575741,1.0072411
577,1.2745416,-0.3685619,1.0291348
578,1.6211728,0.46994758,-1.0188154
579,1.2970291,0.37832332,-1.011403
580,1.2386156,0.22391985,-1.0014015
581,1.3024398,0.048082598,-1.0030922
582,1.2972127,-0.1788933,-0.9981234
583,1.2765024,-0.40562075,-1.0094955
584,1.7265574,-0.5012135,-0.9961468
585,1.1773661,0.7925618,-1.0251751
586,0.9957045,0.61861414,-1.0087945
587,1.0193932,0.43846858,-1.0308797
588,0.65053904,0.2658866,-1.0179838
589,0.5674272,0.060592562,-1.0349075
590,0.49485344,-0.15419409,-1.0336357
591,0.8405231,-0.4775194,-1.0235707
592,0.9999364,-0.56542224,-1.0300095
593,1.2184799,-0.85249746,-1.0136428
594,1.1987354,1.016321,-1.0600903
595,1.0840256,0.89689195,-1.0601952
596,0.22842336,0.64355713,-1.0512388
597,0.01557641,0.5578395,-1.0546592
598,-0.12572159,0.29614902,-1.0306418
599,-0.25311086,-0.058212843,-1.0743899
600,-0.031264286,-0.19407757,-1.0341138
601,-0.00034070003,-0.5741301,-1.0403736
602,0.2787718,-0.62599415,-1.0697536
603,0.4947485,-0.8445686,-1.0305567
604,1.2472135,-1.0417495,-1.0720005
605,1.3518465,1.2986443,-1.058478
606,0.8182166,1.0739273,-1.0425341
607,0.32329348,1.0060774,-1.0626802
608,-0.3199744,0.825026,-1.0677884
609,-0.30183288,0.6224533,-1.097535
610,-0.54730505,0.23331654,-1.0439154
611,-0.8824105,-0.09717928,-1.0905883
612,-0.4754405,-0.37020683,-1.0833881
613,-0.47792742,-0.64236665,-1.0927517
614,0.18078338,-0.85419774,-1.0884187
615,0.32313758,-1.0069999,-1.063837
616,0.5143184,-1.1562715,-1.0771028
617,1.1273558,-1.2551854,-1.0545487
618,1.4043342,1.4783558,-1.1497124
619,0.9264244,1.4064571,-1.1430578
620,0.6110072,1.2682983,-1.0935433
621,0.11164854,1.2276481,-1.146553
622,-0.48288468,0.8898338,-1.0966396
623,-0.8292347,0.6418112,-1.0774937
624,-1.3577157,0.29200765,-1.1104757
625,-1.2377772,0.14806716,-1.1313267
626,-1.2373309,-0.48549023,-1.1544893
627,-1.2091547,-0.66497445,-1.1302851
628,-0.71255046,-1.0921414,-1.1096897
629,0.10642083,-1.1933182,-1.1321559
630,0.30071983,-1.3325132,-1.1002657
631,0.923557,-1.3751987,-1.1221337
632,1.5038905,-1.4891255,-1.1020352
633,1.3557606,1.6342217,-1.2134974
634,0.9694087,1.5498624,-1.1590046
635,0.2060447,1.508686,-1.1889787
636,-0.16810396,1.3923981,-1.2075336
637,-0.7071442,1.2728461,-1.222804
638,-1.4921299,0.9379442,-1.1768793
639,-1.7134081,0.6521746,-1.2517495
640,-1.8033878,0.20428468,-1.2425013
641,-1.6781949,-0.43332484,-1.2134502
642,-1.461951,-0.81205827,-1.1890742
643,-1.1580828,-1.1550083,-1.2214961
644,-0.15884791,-1.3984876,-1.1883961
645,0.24154945,-1.5048867,-1.2152045
646,0.7728158,-1.5164098,-1.2330122
647,1.4173518,-1.6292762,-1.2689976
648,1.3278966,1.7141346,-1.352715
649,0.8644067,1.7499236,-1.4216405
650,-0.07050831,1.644144,-1.384908
651,-0.6243526,1.5679147,-1.4645318
652,-1.2409955,1.3933592,-1.295488
653,-1.6244617,1.2286003,-1.4836476
654,-2.2701378,0.6551509,-1.4305679
655,-2.6084597,0.39141294,-1.5132042
656,-1.9347154,-0.8014204,-1.357521
657,-1.7357274,-1.2120516,-1.4605285
658,-1.2435389,-1.3398659,-1.3346233
659,-0.47135812,-1.5136871,-1.3379638
660,0.15814154,-1.6887001,-1.3352816
661,0.71606845,-1.7255698,-1.3079925
662,1.1780006,-1.7742076,-1.4275861
663,1.5023026,1.84176,-1.8184738
664,0.8673485,1.7842145,1.6635342
665,0.22448665,1.7631143,1.6499038
666,-0.65984017,1.628751,1.7168171
667,-1.0845057,1.616791,1.5596707
668,-1.8331214,1.3874172,-1.6940675
669,-2.272311,0.8478597,1.623587
670,-2.6850553,0.24324471,1.7372203
671,-2.1681926,-1.0667667,-1.8197844
672,-1.8149894,-1.3056287,1.6080189
673,-1.4140475,-1.545304,1.5850289
674,-0.6371689,-1.7357488,1.716524
675,-0.2034467,-1.7734964,-1.7085346
676,0.72209114,-1.7781492,-1.7563821
677,1.1726122,-1.8449419,-1.6887826
678,1.1800934,1.7127196,1.2425249
679,0.85429496,1.6558843,1.2458116
680,0.110104494,1.6804174,1.3567138
681,-0.80824906,1.5640502,1.4011958
682,-1.1528878,1.3216022,1.2293087
683,-1.6106943,1.1635612,1.3334175
684,-2.0835905,0.6348202,1.3711854
685,-2.3500495,-0.300433,1.3358548
686,-2.0900207,-0.5500396,1.2294397
687,-1.8098418,-1.0540652,1.3722997
688,-1.1913798,-1.4362525,1.4013894
689,-0.6275392,-1.581722,1.3870962
690,0.040383887,-1.6909019,1.4805038
691,0.75356686,-1.7196138,1.4431876
692,1.1361672,-1.7833652,1.4571052
693,1.6093771,1.5543995,1.1645288
694,0.8923266,1.4746892,1.1769058
695,0.11031124,1.461766,1.139788
696,-0.44064382,1.2427766,1.0985914
697,-0.7905272,1.2543088,1.1682972
698,-1.3509573,1.1433592,1.1750691
699,-1.7578146,0.4343499,1.1769857
700,-1.7836862,-0.082191125,1.2051336
701,-1.629136,-0.559707,1.1350669
702,-1.6055015,-0.9745692,1.1750662
703,-0.82610184,-1.0771219,1.16424
704,-0.08358025,-1.3592597,1.1451695
705,-0.021491481,-1.4447131,1.215076
706,0.60203046,-1.5196359,1.1095107
707,1.2437326,-1.5774498,1.1154482
708,1.3856664,1.4933279,1.0786418
709,1.0590103,1.3783387,1.0580782
710,0.650297,1.3798447,1.0794266
711,0.0112304175,1.0852624,1.0521346
712,-0.43399546,0.80919886,1.066835
713,-0.6063076,0.7641958,1.0422164
714,-1.127949,0.47949824,1.0637509
715,-1.0625439,-0.104708485,1.0977702
716,-0.92136115,-0.4620718,1.0605518
717,-0.87556314,-0.61116856,1.1141334
718,-0.36116192,-0.83781266,1.0907024
719,0.05149511,-1.0740987,1.091558
720,0.6759406,-1.3031056,1.0723039
721,0.92506576,-1.4337479,1.0892535
722,1.5411114,-1.5026332,1.0621955
723,1.1912557,1.2126002,1.0341141
724,0.8313315,1.0668911,1.0074683
725,0.44787133,0.90971243,1.053519
726,-0.05680027,0.8047568,1.0268004
727,-0.20104627,0.52906966,1.0310739
728,-0.5917381,0.34595144,1.0508895
729,-0.41998422,0.04643066,1.045677
730,-0.32733956,-0.20328373,1.0370737
731,-0.3762636,-0.5139715,1.055555
732,0.09690917,-0.73096013,1.0288004
733,0.66029346,-0.9551123,1.0299358
734,0.8123296,-1.128765,1.0285782
735,1.4350535,-1.2094028,1.0278188
736,1.3347627,0.9401885,1.0033154
737,0.98337114,0.7875507,0.98603475
738,0.6894501,0.6760944,1.0170578
739,0.2688513,0.39505377,1.0292952
740,-0.05070202,0.28529605,0.9986951
741,0.12541305,-0.023449289,0.99199516
742,-0.040511105,-0.35324934,1.009878
743,0.22111648,-0.41494137,1.0333823
744,0.70997643,-0.6839316,1.021595
745,0.88756526,-0.759894,1.0074157
746,1.5115234,-0.95099175,1.0220947
747,1.5264767,0.7438571,1.0064121
748,0.9270058,0.5875962,0.9750029
749,0.97852767,0.4578397,0.98973215
750,0.7534132,0.12368595,0.9989554
751,0.45315883,0.079996645,0.9791473
752,0.850888,-0.1332424,0.97721696
753,1.0383065,-0.428768,0.9754344
754,1.1470772,-0.62416863,0.97301304
755,1.4622265,-0.7542452,0.9764081
756,1.5923359,0.5521611,0.9726545
757,1.3494116,0.3276392,0.98904645
758,1.4177092,0.123322345,0.97810066
759,1.2710179,-0.03583616,0.9649755
760,1.117728,-0.19213457,0.98409724
761,1.4179583,-0.29449487,0.9812534
762,1.5334284,-0.59095794,0.97472495
763,1.6714652,0.51943547,-0.9491546
764,1.478766,0.42112845,-0.955203
765,0.95027226,0.16307555,-0.9785627
766,1.1878476,-0.040073022,-0.94741523
767,1.0775353,-0.24540554,-0.97756463
768,1.29197,-0.2934649,-0.9600178
769,1.2663517,-0.5110575,-0.97884166
770,1.5532987,0.9147457,-0.95866114
771,1.2866681,0.7205936,-0.9509978
772,1.0394771,0.5324488,-0.96198833
773,0.895934,0.4618215,-0.97320026
774,0.5130028,0.27326867,-0.96411765
775,0.50150084,-0.070687674,-0.97962725
776,0.6560039,-0.15354401,-0.9672217
777,0.9132584,-0.43478554,-0.97202086
778,1.0951887,-0.50937986,-0.98077005
779,1.5311359,-0.78441745,-0.98038477
780,1.7304001,-0.8385407,-0.98943734
781,1.7342484,1.120231,-0.9872638
782,1.3439779,1.0783812,-1.0034322
783,1.0865613,0.8722458,-0.9897399
784,0.45450827,0.65083635,-0.98526514
785,0.30677617,0.52638113,-0.9937759
786,-0.117118515,0.19030564,-1.0072907
787,0.07478578,0.06989291,-0.9845279
788,0.17832914,-0.3002219,-0.97450995
789,-0.11151272,-0.4247444,-0.96460146
790,0.18869288,-0.74346125,-0.96267205
791,0.86635023,-0.90668756,-0.9855575
792,1.3692524,-1.0345755,-0.9731105
793,1.5971067,-1.1926348,-0.99857724
794,1.4355291,1.3148879,-0.97519463
795,1.0324497,1.1864883,-0.96863234
796,0.08395103,1.04438,-1.0277975
797,-0.12209801,0.91891825,-1.0354825
798,-0.23942621,0.6749646,-0.9656137
799,-0.76278895,0.42216477,-0.9939784
800,-0.7195034,-0.031864755,-1.0178682
801,-0.75561434,-0.39075428,-1.0171652
802,-0.5992566,-0.70045555,-1.0328534
803,0.115111485,-0.8858398,-1.0106275
804,0.25330737,-1.1259158,-1.0326741
805,0.91628945,-1.1343783,-0.980667
806,1.3588775,-1.3021758,-1.0127504
807,1.8955011,1.4871194,-1.0135441
808,0.90165186,1.3480884,-1.0098728
809,0.559335,1.4320284,-1.067597
810,0.026677616,1.2904246,-1.0226649
811,-0.6363584,0.97314966,-1.0292913
812,-1.155535,0.8701011,-1.0109053
813,-1.3149333,0.3662908,-1.030822
814,-1.4232197,-0.08390296,-1.0576206
815,-1.467244,-0.5143632,-0.9929418
816,-1.1077744,-0.6776485,-1.0541366
817,-0.7046782,-1.0597994,-1.0564328
818,-0.41722122,-1.1897318,-1.0271047
819,0.46500537,-1.3050857,-1.0440744
820,0.8660021,-1.4993844,-0.9954156
821,1.3983964,-1.4995427,-1.011937
822,1.2160128,1.6892643,-1.149141
823,0.7079226,1.5257663,-1.1033093
824,0.10571597,1.5449988,-1.1134777
825,-0.7059041,1.4443884,-1.1445497
826,-1.0640936,1.2469106,-1.0362709
827,-1.2586716,1.0517339,-1.10263
828,-1.9701017,0.53052247,-1.0579097
829,-2.2115808,-0.21761027,-1.1523843
830,-1.9893637,-0.643042,-1.1653283
831,-1.6934592,-1.0376496,-1.1129934
832,-0.9839181,-1.2187378,-1.1070555
833,-0.6196776,-1.3757591,-1.0222623
834,0.34671548,-1.496499,-1.0443707
835,0.76864254,-1.6857337,-1.1218318
836,1.2479862,-1.6682073,-1.0750552
837,1.3658994,1.8769972,-1.2822825
838,0.75154907,1.8571854,-1.2619957
839,0.24292867,1.7033054,-1.0798331
840,-0.36908698,1.6540008,-1.1420579
841,-0.9909016,1.515417,-1.2317616
842,-1.7415134,1.5010111,-1.1605239
843,-2.2002246,1.0103577,-1.241149
844,-2.6142938,0.32540688,-1.2302922
845,-2.3103585,-0.6416475,-1.0646307
846,-1.6810355,-1.3241559,-1.1945437
847,-1.2765138,-1.5802765,-1.1019224
848,-0.7821257,-1.6289362,-1.2028557
849,0.061297935,-1.721027,-1.1027919
850,0.36462793,-1.8241361,-1.1870015
851,1.3690053,-1.8600215,-1.2658098
852,0.9836635,1.8972034,1.5831418
853,0.7379086,1.9216686,1.4236411
854,0.05839543,1.8917435,1.3211756
855,-0.86235267,1.7957052,-1.6258531
856,-1.166493,1.8525492,-1.7419443
857,-1.7775521,1.6907107,1.6561694
858,-2.6127243,1.0852754,-1.6937095
859,-3.0074039,-0.30687258,-1.5083671
860,-2.5349166,-1.2700744,-1.7370474
861,-2.0472364,-1.6091231,1.4179931
862,-1.5977077,-1.8588213,1.7251419
863,-0.9666496,-1.8970488,1.6425661
864,-0.33972663,-1.8334136,1.6821446
865,0.303018,-1.9340246,1.5517954
866,1.119123,-1.9232504,1.2613925
867,1.1418334,1.7637268,1.1587157
868,0.82477194,1.7608291,1.1933264
869,-0.18059993,1.782093,1.2404512
870,-0.5655542,1.5532864,1.0596336
871,-1.0213203,1.6331048,1.2246175
872,-1.5490557,1.2882005,1.0169045
873,-2.493142,1.0676819,1.230023
874,-2.5550504,-0.29353097,1.0981228
875,-2.1881263,-0.6993486,1.1645267
876,-1.6703408,-1.2034236,1.0686808
877,-1.0117637,-1.4289063,1.1366256
878,-0.65086126,-1.7318264,1.3220817
879,0.072079755,-1.7393749,1.2719158
880,0.41572216,-1.7611682,1.147887
881,1.4342335,-1.7968401,1.116168
882,1.2008245,1.6050514,1.0014904
883,0.53922784,1.6404088,1.0398647
884,0.13522089,1.4673499,0.9959418
885,-0.38848692,1.4499087,1.1039712
886,-0.86581975,1.3190932,1.0043355
887,-1.6806829,0.96822196,1.0935918
888,-2.0563676,0.5307052,0.99865913
889,-2.0460513,0.20904464,0.9909252
890,-1.9956892,-0.6358484,0.99615574
891,-1.7366673,-0.93514,1.0740819
892,-0.8842707,-1.3400519,1.1028072
893,-0.48892576,-1.4649718,1.0641162
894,0.25239286,-1.5919796,1.1121713
895,0.8380318,-1.5810955,0.9871592
896,1.4374859,-1.6945337,1.0787895
897,1.730527,1.470964,0.9649692
898,1.0793738,1.4215909,1.0126401
899,0.44553614,1.272468,0.9520228
900,-0.025630023,1.1207957,0.9898354
901,-0.49350405,0.9553203,1.008286
902,-0.86961263,0.62299865,0.9737465
903,-1.1397406,0.40063938,0.9497884
904,-1.1585295,-0.12866113,0.9449098
905,-1.0308894,-0.2266817,0.9910891
906,-0.8922308,-0.85693216,0.9552105
907,-0.512946,-0.90450954,0.97002184
908,-0.03467142,-1.1699507,0.96490395
909,0.21706216,-1.2776555,1.0209078
910,0.936755,-1.4520314,1.0318718
911,1.6413271,-1.4952513,0.9501601
912,1.395903,1.2304738,0.94173145
913,0.86700064,1.0442685,0.97781605
914,0.114472724,0.9898786,0.97098994
915,0.10609158,0.7511935,0.9803562
916,-0.2542594,0.55413836,0.95180696
917,-0.4561894,0.3343282,0.9495667
918,-0.8327478,-0.113038704,0.97831434
919,-0.6805243,-0.36850432,0.99864334
920,-0.35913828,-0.56273234,0.9845322
921,-0.050295014,-0.7928632,0.9474896
922,0.42563063,-0.99282384,0.96740294
923,0.72418636,-1.1495965,0.9868678
924,1.5245823,-1.2761923,0.983101
925,1.9434378,1.0943089,0.94147915
926,1.5060227,1.0107915,0.9502093
927,0.9732741,0.9189262,0.93269026
928,0.46330985,0.6799898,0.9541958
929,0.14889814,0.39913538,0.9461845
930,0.2418705,0.15985543,0.9534872
931,0.07225154,0.042531356,0.94851846
932,0.1927266,-0.30795655,0.9436643
933,0.21296759,-0.47994363,0.9610068
934,0.37768847,-0.721643,0.94348
935,0.671726,-0.8834937,0.97786987
936,0.9815678,-1.0031363,0.97387445
937,1.7436765,-1.0924102,0.9446302
938,2.043471,0.88693,0.95324516
939,1.30212,0.8101369,0.9597795
940,1.2340014,0.60825306,0.94687635
941,0.7324559,0.3868216,0.9596978
942,0.8389757,0.1671241,0.956589
943,0.8277075,-0.020267656,0.9233593
944,0.68861294,-0.21889594,0.93153197
945,0.9847684,-0.3534016,0.9484302
946,0.8531407,-0.56350964,0.9580731
947,1.350533,-0.801445,0.9380105
948,1.9871902,-0.86958134,0.94511694
949,1.3657364,0.514427,0.95034015
950,1.6327571,0.33637622,0.9446301
951,1.4705162,0.16217786,0.93104845
952,1.026403,0.0047231796,0.92515874
953,1.251901,-0.12286727,0.9280278
954,1.3192859,-0.36335298,0.92134374
955,1.6605451,-0.45948187,0.9390595
956,1.8170949,-0.00863254,-0.91695297
957,1.6897079,0.5644238,-0.9107554
958,1.2414472,0.4267946,-0.9024508
959,1.2633367,0.11678651,-0.9092164
960,1.2699815,-0.006455037,-0.91978097
961,1.2556291,-0.17842968,-0.9278246
962,1.4989209,-0.42016158,-0.90418863
963,1.559151,-0.5397189,-0.914581
964,1.6916822,0.9420792,-0.9330824
965,1.6380485,0.78174776,-0.91092604
966,1.1597428,0.63234735,-0.9309666
967,0.99446714,0.44059077,-0.9344324
968,0.79557,0.20095608,-0.9367675
969,0.510628,-0.03213758,-0.91054064
970,0.74799186,-0.1285874,-0.917188
971,0.4714509,-0.37707508,-0.90620416
972,0.9387637,-0.6709807,-0.93119425
973,1.134334,-0.8368055,-0.9316364
974,1.493309,-0.9581043,-0.91677797
975,1.8420328,1.1602504,-0.9129439
976,1.3191957,1.0871387,-0.91011983
977,0.9763585,0.84667784,-0.9131589
978,0.46033835,0.6983805,-0.9153755
979,0.19030179,0.42737016,-0.93461776
980,0.12479472,0.24636915,-0.9305453
981,-0.20906326,0.035570174,-0.91633
982,0.04502395,-0.22997934,-0.89742404
983,0.23039848,-0.5588535,-0.914722
984,0.427051,-0.73882437,-0.92228216
985,0.8125322,-0.95152366,-0.9384666
986,0.95908564,-1.0378088,-0.9128201
987,1.7597206,-1.091854,-0.92392284
988,1.2919888,1.2235548,-0.9360341
989,1.0631375,1.1828523,-0.9457018
990,0.33505565,1.1461343,-0.8984664
991,-0.23915495,0.9405218,-0.9266935
992,-0.39792797,0.6654109,-0.945042
993,-0.87412596,0.2780259,-0.94420165
994,-0.7440477,0.073781356,-0.946892
995,-0.7537914,-0.22328486,-0.9456573
996,-0.5328485,-0.7529004,-0.9445296
997,-0.37154067,-0.80277,-0.92565835
998,0.21088825,-1.1302767,-0.9085619
999,1.0448011,-1.1526176,-0.9215451
1000,1.331485,-1.3233771,-0.9499749
1001,1.6065837,1.5631278,-0.9435659
1002,1.0537279,1.4105417,-0.88079643
1003,0.6330283,1.3350028,-0.8803537
1004,0.13928454,1.2200329,-0.9456084
1005,-0.42333606,1.0017862,-0.9517348
1006,-1.0570991,0.8796233,-0.9215102
1007,-1.4191457,0.5694192,-0.89612
1008,-1.5737461,0.055738598,-0.8983361
1009,-1.2402011,-0.43933278,-0.91832614
1010,-1.0566198,-0.95590234,-0.87341845
1011,-0.434488,-1.0515126,-0.93216735
1012,-0.20624083,-1.3087045,-0.89690745
1013,0.14322144,-1.3729415,-0.89441025
1014,0.8856019,-1.3662071,-0.9278481
1015,1.6407795,-1.466783,-0.93393487
1016,1.2841331,1.6519592,-0.87580895
1017,0.6656541,1.5226866,-0.9639932
1018,0.26175106,1.6523161,-0.96885765
1019,-0.39580497,1.3913664,-0.9464172
1020,-0.83665776,1.2892396,-0.9433967
1021,-1.289006,1.129551,-0.85670733
1022,-1.7323083,0.4371512,-0.88389
1023,-1.8054463,0.19897059,-0.86869353
1024,-1.9265434,-0.73564506,-0.8749579
1025,-1.7688246,-1.027849,-0.8914492
1026,-1.0906451,-1.1059213,-0.92357236
1027,-0.34232745,-1.4371483,-0.8890663
1028,0.09395505,-1.6166849,-0.92985594
1029,0.7486764,-1.6886015,-0.8834409
1030,1.14668,-1.6477407,-0.8748304
1031,1.3370422,1.8813773,-0.7984043
1032,0.76483095,1.7885245,-0.98384535
1033,0.1747589,1.7868328,-1.0243778
1034,-0.8156603,1.6889713,-0.84758466
1035,-1.102137,1.5748111,-0.9669753
1036,-2.0685203,1.5415964,-0.9739212
1037,-2.6096807,0.87981325,-0.8496027
1038,-2.830275,0.4120681,-1.0459155
1039,-2.4390244,-1.0992159,-1.047034
1040,-1.8479881,-1.6323928,-0.9473372
1041,-1.0508713,-1.5354837,-0.96848744
1042,-0.79472363,-1.6302159,-0.8404271
1043,-0.29904845,-1.7778921,-0.80118597
1044,0.34764367,-1.7952691,-0.80387855
1045,1.3111888,-1.8911918,-0.7631238
1046,2.104569,2.0016994,-0.36159447
1047,1.4659714,2.006106,-1.3928509
1048,0.77901626,1.9712943,-0.38773412
1049,-0.2020713,1.9231657,1.1725761
1050,-0.72964984,1.8811492,1.0025145
1051,-1.4592459,1.9316864,0.73107296
1052,-2.1695669,1.8556731,-0.096757114
1053,-2.719833,1.997558,-1.0841458
1054,-3.068555,-0.65735316,-0.95394593
1055,-2.4561038,-1.5768065,0.77480114
1056,-1.957369,-1.9403898,1.7178438
1057,-1.4543504,-1.900197,-1.0380883
1058,-0.59406304,-1.9957616,0.40687597
1059,0.10843683,-1.9878843,0.29317254
1060,0.4999691,-1.9832268,0.80026937
1061,0.9109502,-1.9766883,-1.1091276
1062,1.7668183,-1.9866114,0.54826355
1063,1.1147596,1.8477764,0.85958904
1064,0.8366781,1.7192559,0.8053227
1065,0.086878076,1.7372308,0.8886604
1066,-0.61171633,1.7080635,0.8845831
1067,-1.1219568,1.6826972,0.7975038
1068,-1.6275218,1.3642901,0.8196079
1069,-2.077736,0.97748303,0.83098876
1070,-2.4896991,0.3204339,0.9095402
1071,-2.3105843,-1.2124199,0.8874482
1072,-1.8715572,-1.6194531,1.029531
1073,-1.2437356,-1.6020204,0.8473369
1074,-0.6376595,-1.5704912,0.8662016
1075,-0.2891795,-1.7758905,0.9762461
1076,0.444921,-1.7337304,0.9408075
1077,1.0685189,-1.7997854,0.9340969
1078,1.1531582,1.6762246,0.85861355
1079,0.68805784,1.642638,0.8677747
1080,0.37077284,1.4617321,0.8810242
1081,-0.6100679,1.3620328,0.83221954
1082,-1.1556067,1.3052846,0.8570903
1083,-1.5980532,1.0546155,0.91277784
1084,-2.0649924,0.5558384,0.8654239
1085,-2.0780897,0.2196942,0.9335804
1086,-1.9015452,-0.6645727,0.94804907
1087,-1.2531713,-0.9344109,0.9210293
1088,-1.0059452,-1.2361826,0.86006486
1089,-0.63886577,-1.4292469,0.88277346
1090,-0.101123154,-1.4975197,0.9239044
1091,0.5748678,-1.6166387,0.846195
1092,1.1809431,-1.6571445,0.9193177
1093,1.6405606,1.4424024,0.91578454
1094,1.2908137,1.4238739,0.85943556
1095,0.2482642,1.2945684,0.9226039
1096,-0.10096574,1.1850731,0.9193217
1097,-0.7167875,0.97617257,0.9213275
1098,-0.80221987,0.61638385,0.85519826
1099,-1.3286388,0.32381654,0.8673568
1100,-1.4901938,0.1606655,0.9155378
1101,-0.9549069,-0.4444289,0.87605715
1102,-0.7974332,-0.8460994,0.86987627
1103,-0.6522487,-0.99092335,0.9125973
1104,-0.31305984,-1.1956953,0.9045351
1105,0.4877393,-1.3708965,0.87935287
1106,1.1828526,-1.3909187,0.884833
1107,1.4771638,-1.5563884,0.8500294
1108,1.4307557,1.2329502,0.88499177
1109,0.9176407,1.1759883,0.9055438
1110,0.34373805,0.98689127,0.89386696
1111,-0.023926944,0.7156267,0.8861459
1112,-0.41559657,0.5183734,0.8723502
1113,-0.43809634,0.38545498,0.88622856
1114,-0.7275005,0.00864187,0.87481695
1115,-0.8529462,-0.25743666,0.88887954
1116,-0.31339842,-0.52196395,0.8949684
1117,-0.10756047,-0.9417545,0.8682645
1118,0.4305634,-0.94202214,0.87962943
1119,0.98568326,-1.1061456,0.89541864
1120,1.2823428,-1.2400931,0.877161
1121,2.0213084,1.1092845,0.9026421
1122,1.608517,1.0073127,0.883668
1123,0.83257186,0.8159622,0.87931144
1124,0.6347404,0.607278,0.88110626
1125,0.13309005,0.4752638,0.90975636
1126,-0.20571174,0.18108249,0.8771398
1127,0.09540153,-0.02319823,0.8780133
1128,0.16719508,-0.23582111,0.90857846
1129,0.11081876,-0.40199503,0.90982956
1130,0.57298857,-0.74163556,0.9024553
1131,0.911456,-0.842432,0.87774587
1132,1.3051543,-0.9790809,0.9090792
1133,1.7680751,-1.170922,0.90144086
1134,1.8842332,0.8414406,0.8990596
1135,1.2984898,0.7422985,0.8846143
1136,0.9113547,0.65179765,0.90208626
1137,0.7410511,0.38649783,0.87770855
1138,0.5605604,0.17846438,0.8863979
1139,0.3698874,-0.019180287,0.8805319
1140,0.6062828,-0.25676623,0.9001897
1141,0.6879767,-0.47082147,0.90179545
1142,0.9880233,-0.54468787,0.87221086
1143,1.5234604,-0.7472167,0.9058815
1144,1.772017,-0.83644295,0.88560635
1145,1.6140212,0.5493128,0.8733193
1146,1.5440542,0.30321217,0.87837815
1147,1.5165019,0.17225675,0.902921
1148,1.3299184,0.04945971,0.8900824
1149,1.0918418,-0.2086426,0.89978933
1150,1.6148177,-0.40995336,0.89895815
1151,1.6407799,-0.52640235,0.89837825
1152,1.797876,-0.04192403,0.8805021
1153,1.7978293,0.53143245,-0.8663043
1154,1.3018745,0.31844085,-0.862608
1155,1.1602988,0.17215283,-0.8840349
1156,1.1423998,0.0017469709,-0.86159974
1157,1.1612568,-0.11548514,-0.8770829
1158,1.1534148,-0.40059522,-0.8879257
1159,1.5705817,-0.5906814,-0.86104804
1160,1.6683294,0.9739195,-0.85740316
1161,1.495121,0.7733691,-0.85659385
1162,0.8496274,0.6099649,-0.85665274
1163,0.7976967,0.38898143,-0.8622246
1164,0.767337,0.20319341,-0.8752989
1165,0.34281725,0.007038345,-0.87126446
1166,0.5398214,-0.1542874,-0.85159004
1167,0.86028105,-0.41299072,-0.86723155
1168,0.8078982,-0.6783629,-0.863617
1169,1.0335625,-0.769389,-0.85703266
1170,1.5841091,-0.95803726,-0.8857212
1171,1.7291726,1.210824,-0.8294169
1172,0.9920851,1.0385106,-0.8621207
1173,0.6563682,0.9553638,-0.8742325
1174,0.6274713,0.6941013,-0.87779844
1175,0.08645461,0.42093837,-0.8718869
1176,0.04583166,0.34182355,-0.8439042
1177,-0.05500935,0.04151011,-0.8396741
1178,-0.13571759,-0.24244338,-0.83851606
1179,-0.0705495,-0.49629617,-0.83066225
1180,0.3994756,-0.62183094,-0.8791195
1181,0.62157845,-0.94176006,-0.8365865
1182,1.0923659,-0.95498407,-0.85814357
1183,1.8120788,-1.188137,-0.8416976
1184,1.3376495,1.3423691,-0.81094366
1185,0.82631856,1.2018154,-0.84064096
1186,0.2613015,0.9619486,-0.8340035
1187,-0.08250699,0.75910956,-0.8328657
1188,-0.42163855,0.59771395,-0.8515331
1189,-0.55543536,0.40500334,-0.8730919
1190,-0.5354669,-0.018776419,-0.87168115
1191,-0.70846766,-0.38088757,-0.8673327
1192,-0.7507155,-0.5947782,-0.8447643
1193,-0.13407362,-0.9536744,-0.8254079
1194,0.26188743,-1.0595186,-0.8363101
1195,0.49505496,-1.1402022,-0.86900955
1196,1.0606501,-1.2676852,-0.8397962
1197,1.693374,1.5699095,-0.7608548
1198,0.85514486,1.4386215,-0.8015653
1199,0.33319238,1.2843821,-0.8409414
1200,-0.07418544,1.3004335,-0.79586166
1201,-0.6651002,0.9793416,-0.8381336
1202,-0.7123267,0.7577991,-0.8138933
1203,-1.1346262,0.49635604,-0.79814756
1204,-1.3824271,-0.13460399,-0.8263936
1205,-1.4967576,-0.3566747,-0.76851076
1206,-1.033969,-0.8736263,-0.8219303
1207,-0.67912006,-1.072943,-0.8092044
1208,-0.13377823,-1.1674352,-0.8128545
1209,0.33851862,-1.4295399,-0.8410967
1210,1.0742018,-1.466808,-0.8077098
1211,1.3308767,-1.520897,-0.7795683
1212,1.1934948,1.7130551,-0.7291762
1213,0.84696275,1.5354122,-0.76570064
1214,0.29823813,1.5848713,-0.8121723
1215,-0.28645435,1.5434823,-0.7106357
1216,-1.075278,1.3706725,-0.7614682
1217,-1.6325119,0.9129376,-0.7843093
1218,-1.6439021,0.6652841,-0.7348074
1219,-1.9242334,0.17302041,-0.7404483
1220,-2.0131373,-0.7047806,-0.68012893
1221,-1.5376353,-0.98526615,-0.7967119
1222,-0.7573465,-1.2242945,-0.75096595
1223,-0.51524943,-1.3784173,-0.8296739
1224,-0.08688972,-1.6060243,-0.74803644
1225,0.8376579,-1.5900023,-0.77452624
1226,1.1643116,-1.6600667,-0.80720955
1227,1.0158937,1.8510083,-0.48383293
1228,0.8420683,1.7626271,-0.60357255
1229,-0.09545461,1.6939719,-0.70333034
1230,-0.55025446,1.6594003,-0.710709
1231,-1.16517,1.758674,-0.61543524
1232,-1.8403274,1.4885898,-0.45694962
1233,-2.3165357,0.59724045,-0.6026715
1234,-2.5251317,0.23601036,-0.67962295
1235,-2.4155507,-1.2170161,-0.5614055
1236,-1.9348884,-1.5675422,-0.5463786
1237,-1.1986262,-1.676489,-0.58953005
1238,-0.5443945,-1.8008269,-0.58412194
1239,0.09016155,-1.757272,-0.72027516
1240,0.8022529,-1.8473809,-0.39448628
1241,1.0274224,-1.8518052,-0.7015289
1242,1.4172599,1.9063494,0.37722492
1243,0.4191501,1.8620341,-0.15748215
1244,-0.24365766,1.8145022,-0.17410561
1245,-0.6520346,1.8173584,-0.11498336
1246,-1.51283,1.7889326,-0.41207802
1247,-1.755337,1.7469821,0.34795618
1248,-2.6106308,1.0075903,-0.18738954
1249,-2.9294314,0.1396234,0.32860976
1250,-2.4488912,-1.2928373,0.38370726
1251,-2.220559,-1.694159,-0.15504186
1252,-1.1668224,-1.79086,0.45159706
1253,-0.91010016,-1.8858391,-0.0008078337
1254,0.0027679298,-1.8773675,0.20627554
1255,0.61468333,-1.928364,0.3445355
1256,1.2023361,-1.9399157,-0.28906202
1257,1.3360367,1.7691473,0.66252226
1258,0.42856616,1.7737721,0.5880783
1259,-0.10781732,1.7886285,0.6055876
1260,-0.78405493,1.5706681,0.6852222
1261,-1.2299384,1.5960981,0.4526971
1262,-1.8885026,1.4239664,0.44679537
1263,-2.205667,1.2314327,0.5005297
1264,-2.4347763,-0.057902224,0.58123565
1265,-2.149654,-0.8420812,0.7280259
1266,-1.7511104,-1.181876,0.7535762
1267,-1.0117831,-1.48717,0.72259456
1268,-0.49014738,-1.6515721,0.67701924
1269,0.11368281,-1.6451844,0.6691169
1270,0.6402288,-1.8173456,0.42545184
1271,1.1152885,-1.8664175,0.5691045
1272,1.2517852,1.5830289,0.7888687
1273,0.9835074,1.5939716,0.78838265
1274,0.3658689,1.4700861,0.80210316
1275,-0.52086884,1.4434551,0.72986907
1276,-0.74144095,1.302771,0.772448
1277,-1.4386239,0.8306501,0.7349317
1278,-1.5085304,0.67255145,0.8050978
1279,-1.6563624,0.033440363,0.73650825
1280,-1.5848656,-0.41430512,0.7372925
1281,-1.3370179,-1.0733352,0.782657
1282,-0.8658058,-1.2032564,0.69972986
1283,-0.37043753,-1.3531983,0.7606239
1284,0.15874629,-1.4779129,0.7778494
1285,0.8055553,-1.6234815,0.6747896
1286,1.1190135,-1.6350894,0.70836395
1287,1.7478167,1.4284489,0.7873581
1288,1.2157872,1.3999705,0.8187809
1289,0.2996917,1.3682173,0.80094665
1290,0.08482844,1.0945555,0.79722863
1291,-0.5171298,0.94536424,0.75653595
1292,-1.0422604,0.73338604,0.7782431
1293,-1.1982577,0.3305276,0.7894113
1294,-1.1534412,0.112820886,0.7930732
1295,-1.1392931,-0.25295138,0.78942794
1296,-1.2325963,-0.71465856,0.7704012
1297,-0.7683357,-0.9877712,0.81080544
1298,-0.045616314,-1.1090115,0.7789957
1299,0.7035236,-1.3235792,0.800349
1300,1.2158695,-1.4144146,0.80521154
1301,1.3183417,-1.5017599,0.7574896
1302,1.6584139,1.2483369,0.8436276
1303,0.7766191,1.0576499,0.8415959
1304,0.51135397,0.96692383,0.8054349
1305,-0.29171428,0.80645204,0.8348987
1306,-0.5121865,0.5267659,0.8312124
1307,-0.6014471,0.19231701,0.82889634
1308,-0.82106376,0.1252718,0.79586726
1309,-0.45526713,-0.37820378,0.84562105
1310,-0.2731988,-0.6706498,0.8250354
1311,-0.14974019,-0.71621007,0.79839027
1312,0.36920574,-0.8934415,0.8202557
1313,0.75139946,-1.2060838,0.78760535
1314,1.1703975,-1.2358915,0.78607655
1315,1.4783976,1.1001137,0.83120495
1316,1.3287225,1.0201926,0.8459876
1317,0.91220313,0.88272506,0.81033933
1318,0.77206314,0.71504396,0.84488994
1319,0.3058801,0.48352736,0.8191853
1320,0.1502081,0.24461801,0.8227476
1321,-0.24713112,-0.06188706,0.8413152
1322,0.26237273,-0.2792339,0.82547563
1323,0.18560913,-0.46028072,0.8198165
1324,0.66574454,-0.6928683,0.8349607
1325,0.9082486,-0.84668493,0.8463652
1326,0.9807679,-1.0161326,0.8238943
1327,1.5918822,-1.172678,0.8479954
1328,1.8032846,0.87559897,0.82632846
1329,1.4960219,0.80459183,0.8479464
1330,1.0886501,0.60853374,0.8388773
1331,0.64357954,0.4664385,0.8286705
1332,0.66841406,0.22614624,0.84469336
1333,0.4217402,-0.0042779385,0.83629364
1334,0.7380594,-0.20180978,0.8328396
1335,0.7179986,-0.49743074,0.8241839
1336,1.1753147,-0.6326271,0.83943725
1337,1.4671489,-0.6834684,0.84424543
1338,1.832661,-0.93077606,0.8427117
1339,1.7407773,0.5094733,0.84701455
1340,1.5251391,0.30162704,0.8416976
1341,1.175066,0.15807989,0.85262126
1342,1.3767323,0.047704533,0.8398249
1343,1.3112516,-0.1502358,0.85426795
1344,1.5315924,-0.35652938,0.84674627
1345,1.7431924,-0.49342072,0.84985405
1346,1.4964825,0.5767939,-0.82232916
1347,1.5167679,0.4078647,-0.8294177
1348,1.4616137,0.1782103,-0.84314394
1349,0.9490453,-0.030445572,-0.84519887
1350,1.1748772,-0.18796754,-0.83464557
1351,1.2015231,-0.34420207,-0.8442802
1352,1.7081227,-0.51263577,-0.8505557
1353,1.2391218,0.7809622,-0.8155947
1354,0.8894522,0.5826029,-0.80654323
1355,0.9725526,0.37969768,-0.8292613
1356,0.836196,0.27379343,-0.8178297
1357,0.2853146,-0.03019639,-0.83421683
1358,0.47780037,-0.2821169,-0.82402164
1359,0.97693753,-0.3804959,-0.815713
1360,0.93850046,-0.6041029,-0.8113156
1361,1.4083464,-0.8169527,-0.82408416
1362,1.2922769,1.0326878,-0.8233008
1363,0.64410967,0.8469026,-0.786349
1364,0.53006876,0.7336408,-0.802751
1365,0.3115147,0.4836449,-0.81030065
1366,-0.018446635,0.18937401,-0.81851774
1367,-0.20166768,0.094055854,-0.8159527
1368,-0.17551716,-0.3440143,-0.79902124
1369,0.069630265,-0.43037277,-0.78865796
1370,0.54567116,-0.60357213,-0.8111127
1371,0.7032798,-0.9541425,-0.7893715
1372,1.2686762,-1.0871894,-0.7741841
1373,1.0302056,1.2764581,-0.775006
1374,1.1037208,1.1135634,-0.7628319
1375,0.54184693,1.0451738,-0.79906553
1376,-0.007236972,0.76201904,-0.7987798
1377,-0.33439767,0.6541657,-0.77024865
1378,-0.6697303,0.24660423,-0.7405484
1379,-0.6514153,-0.025702685,-0.79957503
1380,-0.6849397,-0.28637704,-0.7768256
1381,-0.4016038,-0.47922945,-0.8021943
1382,-0.35335758,-0.8194209,-0.7582015
1383,0.26111645,-0.9456041,-0.800561
1384,0.77939427,-1.245885,-0.77662027
1385,1.5847944,-1.2407354,-0.7918795
1386,1.8020374,1.4348857,-0.7353328
1387,0.88876593,1.4621583,-0.6986128
1388,0.38749957,1.2617155,-0.69217515
1389,-0.09009659,1.2293786,-0.72738284
1390,-0.68649584,1.0113722,-0.6830934
1391,-0.7247507,0.8249585,-0.74509925
1392,-1.136731,0.29148433,-0.7639875
1393,-1.4693054,-0.062467087,-0.68336713
1394,-1.022953,-0.31240618,-0.75472456
1395,-0.9600801,-0.88428456,-0.7165829
1396,-0.43462703,-0.97360367,-0.74506795
1397,-0.096287996,-1.1404437,-0.76013297
1398,0.50695664,-1.2599369,-0.7033856
1399,1.2020053,-1.4128999,-0.728283
1400,1.7904273,-1.4820085,-0.7672311
1401,1.6812764,1.6030264,-0.6687752
1402,0.78887457,1.6152431,-0.64528763
1403,0.1495126,1.5530516,-0.6136019
1404,-0.6244228,1.3848406,-0.5677281
1405,-0.80793405,1.3671213,-0.6053923
1406,-1.4977305,0.9777612,-0.54710966
1407,-1.7231824,0.56236917,-0.6453332
1408,-1.8982538,-0.16798303,-0.68089825
1409,-1.5462489,-0.51554114,-0.6392514
1410,-1.4364895,-1.0993346,-0.6483365
1411,-0.8965863,-1.1882948,-0.6367628
1412,-0.25034922,-1.4906595,-0.555657
1413,0.2271628,-1.5379827,-0.611645
1414,0.8509531,-1.6290939,-0.5615311
1415,1.545614,-1.698699,-0.6441415
1416,1.5524068,1.7548816,-0.51507294
1417,0.6050963,1.7454126,-0.2903751
1418,-0.05482261,1.7146881,-0.32139653
1419,-0.5622135,1.5626608,-0.3652016
1420,-1.0624756,1.3835181,-0.48119506
1421,-1.6676444,1.2950263,-0.34707284
1422,-2.1382346,1.1712648,-0.31974342
1423,-2.2885725,0.21933238,-0.45432174
1424,-2.1457133,-0.75442934,-0.46132106
1425,-1.8548394,-1.2648914,-0.3529903
1426,-1.3376627,-1.5369803,-0.39457235
1427,-0.78472745,-1.5293634,-0.34189466
1428,-0.10265086,-1.602544,-0.5436007
1429,0.8204048,-1.7467111,-0.5397762
1430,1.25101,-1.7213479,-0.52202624
1431,1.5249776,1.8015016,0.07711163
1432,0.60679585,1.748736,0.17196926
1433,-0.10995395,1.7282072,0.120041
1434,-0.845776,1.6636777,-0.18329583
1435,-1.0701853,1.6673397,0.111692846
1436,-1.6674141,1.551982,-0.19251841
1437,-2.268278,0.897826,-0.08408809
1438,-2.6825886,0.0033814942,-0.09469147
1439,-2.2659328,-1.2431953,0.10342266
1440,-2.008611,-1.4114771,0.033369586
1441,-1.244687,-1.5519848,0.2037658
1442,-0.72900844,-1.6090618,0.17980397
1443,-0.086274125,-1.754961,0.021024153
1444,0.32736793,-1.7989844,0.024254804
1445,1.1573702,-1.8065147,0.03487244
1446,1.0607501,1.7421882,0.29728606
1447,0.6664991,1.6890672,0.42780632
1448,-0.036006905,1.5852556,0.482715
1449,-0.57937825,1.5038494,0.5712942
1450,-1.1256942,1.5156986,0.30568117
1451,-1.6895002,1.0555223,0.41840422
1452,-2.0980887,1.0230963,0.3393497
1453,-2.453615,0.16524628,0.41150382
1454,-2.211614,-0.58556795,0.3620472
1455,-1.8403152,-0.9945166,0.5337139
1456,-1.2489094,-1.4164605,0.40921187
1457,-0.48647657,-1.5179259,0.4510526
1458,-0.2114943,-1.7159745,0.42848128
1459,0.843417,-1.6940379,0.5532464
1460,1.110607,-1.8043375,0.43789065
1461,1.3983643,1.6646765,0.58367443
1462,0.71548766,1.5500183,0.55103004
1463,0.52396363,1.458293,0.6495376
1464,-0.27220932,1.3399076,0.59807754
1465,-0.69761896,1.2097436,0.57562923
1466,-1.2230234,0.883844,0.6472805
1467,-1.732091,0.5942852,0.53445536
1468,-1.7016253,-0.055936217,0.5971387
1469,-1.5067478,-0.48387197,0.6999223
1470,-1.0780824,-0.94130707,0.6570776
1471,-0.901619,-1.1544538,0.64586323
1472,-0.048559748,-1.3249112,0.67196363
1473,0.26605186,-1.4929814,0.56169724
1474,1.0992789,-1.514645,0.62108725
1475,1.2494768,-1.6467059,0.64692914
1476,1.8371884,1.4807854,0.71731323
1477,1.1912916,1.4282454,0.70278895
1478,0.74278545,1.2298666,0.6966815
1479,-0.14144932,1.0935919,0.7101672
1480,-0.22808333,0.9890578,0.6746965
1481,-0.87165505,0.5852079,0.68404883
1482,-1.0727043,0.26754957,0.731707
1483,-1.2953826,-0.075729735,0.7231715
1484,-1.233453,-0.5037523,0.7085757
1485,-1.0609716,-0.69546795,0.66226065
1486,-0.5484548,-0.88649094,0.7065632
1487,0.031725217,-1.2258399,0.697899
1488,0.59822065,-1.3625473,0.65981627
1489,1.1308417,-1.4379965,0.6507497
1490,1.7027209,-1.463432,0.7236754
1491,1.279644,1.2170587,0.7222075
1492,1.1241633,1.0884459,0.74108493
1493,0.6192665,0.9363584,0.7406228
1494,0.1296734,0.86403334,0.7265592
1495,-0.33339158,0.70736504,0.7393223
1496,-0.35367048,0.28309754,0.7288625
1497,-0.3525135,-0.055744935,0.7356199
1498,-0.31600234,-0.3225413,0.7621558
1499,-0.38498425,-0.5718704,0.7203555
1500,0.06919027,-0.74491954,0.7680312
1501,0.24534535,-0.9228999,0.74921083
1502,0.9764197,-1.1206799,0.76165855
1503,1.4749192,-1.2566918,0.7342917
1504,1.471218,0.9669368,0.7830919
1505,0.7054012,0.8515878,0.7536606
1506,0.327079,0.68283176,0.74345565
1507,0.07549096,0.4967375,0.7485193
1508,0.35790572,0.2614693,0.7646362
1509,0.025449274,0.0981233,0.78445554
1510,0.18076566,-0.18688792,0.75837535
1511,0.02272673,-0.4040681,0.7649407
1512,0.5558672,-0.73294586,0.7746881
1513,0.79356766,-0.8326689,0.79082555
1514,1.3871377,-0.9507791,0.7743215
1515,1.5866734,0.7570105,0.79440355
1516,1.3599002,0.6138897,0.79575104
1517,0.8314188,0.4048071,0.78306556
1518,0.86758655,0.22427551,0.78327626
1519,0.5328641,0.08228143,0.7935086
1520,0.8904811,-0.19311665,0.7863607
1521,0.8110917,-0.42970398,0.7748385
1522,0.91379744,-0.60403585,0.7882404
1523,1.3268125,-0.70105517,0.79420537
1524,1.7958487,0.4944713,0.81848705
1525,1.3626239,0.2977035,0.8189591
1526,1.5227805,0.12427341,0.81012225
1527,1.0557277,0.04142725,0.8061455
1528,1.2297859,-0.15823643,0.7943547
1529,1.4701163,-0.30884263,0.80865264
1530,1.4366181,-0.47448888,0.804847
1531,1.2532656,0.37099305,-0.7767931
1532,1.0812054,0.12669326,-0.8003813
1533,1.343549,-0.019931922,-0.78916556
1534,1.2895415,-0.15916461,-0.8016646
1535,1.155972,-0.32100254,-0.7720956
1536,1.3990116,0.66303015,-0.79442894
1537,1.222938,0.62124527,-0.78856844
1538,0.76617277,0.38021615,-0.7753192
1539,0.5642305,0.14680585,-0.7806677
1540,0.6376474,0.08014384,-0.76529664
1541,0.45418575,-0.21355636,-0.75404584
1542,0.65126127,-0.47227654,-0.76816875
1543,0.8763864,-0.56141186,-0.7478118
1544,1.536847,-0.78141135,-0.7906098
1545,1.24625,0.94593215,-0.73832196
1546,0.6722991,0.8530452,-0.7392646
1547,0.61510825,0.6727679,-0.77111965
1548,0.32889387,0.5568528,-0.7383235
1549,0.22568253,0.2844433,-0.7510094
1550,-0.11925413,-0.010489784,-0.72295004
1551,-0.10744686,-0.2679999,-0.73150015
1552,0.42524254,-0.39619344,-0.7384162
1553,0.45670947,-0.69851476,-0.74133885
1554,0.8256622,-0.7867773,-0.72842884
1555,1.10434,-1.0088019,-0.71743023
1556,1.4971721,1.229821,-0.7130288
1557,1.2187803,1.1080142,-0.70479435
1558,0.584042,0.9273145,-0.72504187
1559,0.0035023405,0.80339444,-0.7138744
1560,-0.1483771,0.5924005,-0.6907542
1561,-0.5972797,0.22154109,-0.696704
1562,-0.61402494,-0.039851364,-0.7293511
1563,-0.3372253,-0.3490264,-0.69213
1564,-0.26810485,-0.56826437,-0.6933012
1565,0.20287776,-0.8221956,-0.7179831
1566,0.6482532,-1.001848,-0.7242028
1567,0.62284434,-1.1222423,-0.67876333
1568,1.4399643,-1.3027861,-0.6714036
1569,1.0851165,1.3253554,-0.6880676
1570,0.34673017,1.293626,-0.5830091
1571,0.12659864,1.1580448,-0.63935995
1572,-0.5498045,0.8795894,-0.64687955
1573,-0.8370101,0.7010731,-0.640074
1574,-0.9403348,0.40823632,-0.65207624
1575,-1.2783089,-0.15718633,-0.60422325
1576,-0.9414186,-0.34819344,-0.68440557
1577,-0.5183515,-0.7337834,-0.66672164
1578,-0.5608435,-1.0210166,-0.6103222
1579,0.033548184,-1.1068558,-0.6311729
1580,0.70261264,-1.2872667,-0.68065315
1581,0.97190076,-1.4548427,-0.63000494
1582,1.4039328,1.5757221,-0.49341118
1583,0.81257653,1.5423342,-0.49199274
1584,0.025507106,1.4765623,-0.49673253
1585,-0.5567297,1.3314369,-0.4873327
1586,-0.81492877,0.9826894,-0.53387624
1587,-1.4535031,0.82416916,-0.507248
1588,-1.4486444,0.33001387,-0.53428435
1589,-1.5881556,0.19646966,-0.59818095
1590,-1.5619066,-0.4044174,-0.5283279
1591,-1.2505565,-0.7497498,-0.5094826
1592,-0.9560837,-1.1656421,-0.5534389
1593,-0.1274238,-1.2530072,-0.55816543
1594,0.0946681,-1.4308529,-0.5054368
1595,0.65271604,-1.5647573,-0.47139552
1596,1.3535435,-1.6399342,-0.47821373
1597,1.3336372,1.7083111,-0.35590917
1598,0.5567747,1.603834,-0.24535207
1599,0.1499382,1.6245766,-0.30263898
1600,-0.38605106,1.4297103,-0.31353757
1601,-0.94041663,1.3726753,-0.1888121
1602,-1.5581667,1.0275096,-0.28975618
1603,-1.9847472,0.5521554,-0.25007567
1604,-2.0617905,0.2383913,-0.31531703
1605,-1.9030963,-0.73998916,-0.36768687
1606,-1.7247645,-0.90363646,-0.22884716
1607,-1.130693,-1.2461075,-0.2597877
1608,-0.4344349,-1.492643,-0.30843443
1609,0.055286866,-1.5912049,-0.3409102
1610,0.61541617,-1.6360613,-0.3028427
1611,1.5105692,-1.7417881,-0.34950307
1612,1.5475491,1.7524548,0.11884895
1613,0.8490897,1.7434602,0.0007357119
1614,0.3012513,1.6750668,-0.11508725
1615,-0.4697927,1.5922447,-0.019488629
1616,-1.2547057,1.3522819,0.057978574
1617,-1.7201685,1.109524,0.11094308
1618,-2.1232169,0.46517915,-0.097181894
1619,-2.1649494,-0.1808687,0.017286459
1620,-2.0265734,-0.6227979,-0.07802484
1621,-1.5179023,-1.1397805,0.036618292
1622,-1.0315027,-1.387456,-0.02604643
1623,-0.7688089,-1.5122851,0.15941009
1624,0.095846176,-1.6425754,0.12954311
1625,0.81744576,-1.6716055,-0.06838097
1626,1.3017313,-1.7407881,0.134836
1627,1.3622665,1.7200131,0.33528563
1628,0.8169849,1.5771058,0.39020145
1629,0.26301363,1.6049798,0.33618125
1630,-0.49974042,1.3987485,0.2984932
1631,-0.91348624,1.3970147,0.29297382
1632,-1.57988,0.87060374,0.40379405
1633,-1.7564266,0.4451003,0.38475063
1634,-2.1179404,-0.118272156,0.38675246
1635,-1.9154806,-0.7376521,0.23203267
1636,-1.4775879,-0.83500314,0.37298453
1637,-1.0284381,-1.3470467,0.38285497
1638,-0.3164857,-1.4181834,0.32698587
1639,-0.07941413,-1.617561,0.29401144
1640,0.6597079,-1.6050223,0.31232268
1641,1.3575839,-1.7076455,0.38396657
1642,1.6483178,1.5797427,0.52388746
1643,0.8865512,1.5138683,0.5196379
1644,0.33897164,1.3544542,0.59634036
1645,-0.42985064,1.3240583,0.46400526
1646,-0.63050526,1.1642247,0.55190045
1647,-1.1713398,0.9182789,0.44844857
1648,-1.2359718,0.5866436,0.5418939
1649,-1.6939954,0.177837,0.4364388
1650,-1.47626,-0.49640927,0.57111245
1651,-1.3150698,-0.96862024,0.5151527
1652,-0.85922587,-1.1860533,0.49217227
1653,-0.28718552,-1.2897651,0.5608105
1654,0.46781716,-1.452259,0.5560757
1655,0.79753983,-1.5353779,0.44755358
1656,1.6624389,-1.5847777,0.53401715
1657,1.2106999,1.4202031,0.61105776
1658,0.7771293,1.2132261,0.6272261
1659,0.1627446,1.1291895,0.58948284
1660,-0.29000044,0.8169761,0.6336702
1661,-0.8343524,0.74575067,0.55733144
1662,-0.824301,0.36634573,0.6201237
1663,-0.9447189,0.10421315,0.6456069
1664,-1.0088253,-0.44986472,0.61059546
1665,-0.72143745,-0.69065166,0.60505164
1666,-0.37732854,-0.8285777,0.60729396
1667,0.26793045,-1.1049747,0.63877994
1668,0.35916653,-1.2275455,0.63864785
1669,1.1192997,-1.4269357,0.6024854
1670,1.4678358,1.2451862,0.65337706
1671,0.8197714,1.0471245,0.665449
1672,0.70836693,0.9479031,0.6784681
1673,0.18947989,0.69069195,0.7086498
1674,-0.26233372,0.59864706,0.6403566
1675,-0.39996392,0.39031312,0.64987195
1676,-0.52109677,0.07643183,0.68173605
1677,-0.47771117,-0.37783498,0.678763
1678,-0.16895632,-0.44794,0.70332545
1679,0.1633812,-0.77504104,0.70382804
1680,0.6104976,-1.0277529,0.7008007
1681,1.0535612,-1.0964825,0.69876254
1682,1.3530638,-1.135331,0.69899476
1683,1.4687803,1.0208099,0.7078787
1684,0.6572458,0.82388306,0.70381564
1685,0.65723675,0.62448,0.7409279
1686,0.4262176,0.5049403,0.73632365
1687,0.19477874,0.28771916,0.71900475
1688,-0.10089009,0.0048179817,0.70281607
1689,-0.0035867176,-0.3475182,0.70172113
1690,0.43176883,-0.4700584,0.7046561
1691,0.59717816,-0.64140636,0.702603
1692,0.7320789,-0.8768818,0.71973693
1693,1.1854604,-0.9720301,0.69846386
1694,1.2404795,0.736093,0.72062284
1695,1.306898,0.6075952,0.7492367
1696,0.8909825,0.36566025,0.7439079
1697,0.6957171,0.2624197,0.73990643
1698,0.7807036,-0.015933305,0.74637496
1699,0.80874044,-0.2126941,0.762728
1700,0.8204943,-0.46800274,0.74564683
1701,0.80178994,-0.55067074,0.7496637
1702,1.3853707,-0.73129463,0.75313
1703,1.6563746,0.2959021,0.77154285
1704,1.3575991,0.21563125,0.7695755
1705,1.4206679,-0.020825757,0.7765997
1706,1.514179,-0.17929867,0.7672433
1707,1.7119944,-0.34370694,0.76822966
1708,1.0880753,0.66856885,-0.7103749
1709,0.69338226,0.41401368,-0.7111771
1710,0.8864378,0.25471416,-0.74687517
1711,0.8489214,-0.030239303,-0.71194094
1712,0.70951575,-0.16443783,-0.7268593
1713,0.7337602,-0.44723576,-0.73034614
1714,0.92672354,-0.56468564,-0.7048674
1715,0.85895514,0.8242694,-0.70750564
1716,0.592817,0.6623302,-0.705184
1717,0.32479018,0.38927424,-0.66900873
1718,0.08045808,0.18393248,-0.68951917
1719,-0.030382585,-0.07424778,-0.6910383
1720,0.2241699,-0.32921588,-0.7120371
1721,0.51744473,-0.50098354,-0.7089076
1722,0.6158347,-0.6902079,-0.69157875
1723,1.0465192,-0.7912272,-0.68301624
1724,0.8135692,1.123776,-0.62731427
1725,0.45512348,0.884922,-0.65926325
1726,0.2851132,0.78590035,-0.662678
1727,0.08038457,0.5333889,-0.6518963
1728,-0.3399354,0.3439307,-0.643028
1729,-0.38960958,0.10684543,-0.62271583
1730,-0.53399134,-0.38103458,-0.62774915
1731,-0.40148795,-0.60515374,-0.6357723
1732,0.19200465,-0.6930851,-0.67403764
1733,0.5908948,-0.96927166,-0.65387833
1734,0.87263715,-1.0683881,-0.65186864
1735,1.1898012,1.2908702,-0.609056
1736,0.6896886,1.2686697,-0.5675728
1737,-0.14921616,1.092384,-0.54020363
1738,-0.3583695,0.8192746,-0.5920175
1739,-0.7747404,0.5734788,-0.54578984
1740,-0.8254442,0.3242812,-0.549256
1741,-1.2463099,0.12720963,-0.5442568
1742,-0.8784925,-0.3264408,-0.58095926
1743,-0.79007816,-0.59253675,-0.53504765
1744,-0.3830792,-1.0341357,-0.5421286
1745,0.2800342,-1.0723673,-0.55198604
1746,0.66459626,-1.3087548,-0.55050457
1747,1.1559399,-1.3993474,-0.5276314
1748,1.1152304,1.4610257,-0.44466582
1749,0.31897804,1.2940165,-0.50999385
1750,-0.31188428,1.236769,-0.41590962
1751,-0.60993403,0.98573506,-0.46442392
1752,-0.9472224,0.86121756,-0.46572056
1753,-1.2672306,0.56737936,-0.48031658
1754,-1.3849765,0.12226925,-0.50425524
1755,-1.580083,-0.3234338,-0.4293857
1756,-1.0564427,-0.7255992,-0.4249279
1757,-0.73561704,-1.1007379,-0.37559208
1758,-0.36791548,-1.1897163,-0.37963066
1759,0.24005064,-1.419612,-0.42554975
1760,0.6931569,-1.5048814,-0.40527228
1761,0.69525814,1.534916,-0.21700497
1762,0.2428846,1.5009841,-0.17405035
1763,-0.22181974,1.4070185,-0.3025786
1764,-0.9850082,1.1763214,-0.18044674
1765,-1.4896694,0.9474732,-0.21982867
1766,-1.6475028,0.524461,-0.30018523
1767,-1.8821284,-0.015041972,-0.16323727
1768,-1.7122959,-0.6705919,-0.2867963
1769,-1.430456,-0.78215575,-0.332062
1770,-0.86222565,-1.1695482,-0.26852715
1771,-0.52368855,-1.337686,-0.30699298
1772,0.11432139,-1.477287,-0.2814694
1773,0.50520176,-1.5688617,-0.19477312
1774,0.8777886,1.620283,0.09400876
1775,0.054322425,1.4470428,-0.058604077
1776,-0.5121509,1.3434652,-0.018795703
1777,-0.9117759,1.3162832,0.04064277
1778,-1.2742592,1.0867122,-0.039662756
1779,-1.7913948,0.62512213,0.030122552
1780,-2.0652654,0.013183656,-0.010711563
1781,-1.9568697,-0.47984535,-0.10667393
1782,-1.437227,-1.020224,0.054351278
1783,-0.9147781,-1.1868144,-0.018297328
1784,-0.61243457,-1.3202714,0.09372007
1785,0.050882477,-1.4877902,-0.029527117
1786,0.64128923,-1.5892024,0.038587283
1787,0.6679462,1.4858934,0.27552295
1788,0.35035267,1.4637603,0.20665301
1789,-0.4654538,1.3109952,0.23496425
1790,-0.7609191,1.2159786,0.30328023
1791,-1.2185657,0.96371305,0.21078429
1792,-1.5862755,0.48087704,0.25032952
1793,-1.8978301,0.2108628,0.1974113
1794,-1.6976807,-0.5049073,0.19198406
1795,-1.2354131,-0.88921213,0.2288161
1796,-1.0595796,-1.0763333,0.25555062
1797,-0.3957992,-1.3297426,0.2576464
1798,0.2942683,-1.5356079,0.2119064
1799,0.9326844,-1.5605611,0.24341173
1800,1.0948509,1.4376701,0.47672084
1801,0.42229587,1.3175668,0.40574694
1802,-0.10680051,1.1221523,0.48653492
1803,-0.7176329,1.028977,0.46284214
1804,-0.99327284,0.6514666,0.480236
1805,-1.2111746,0.26013562,0.48327416
1806,-1.1897563,0.083986565,0.4530276
1807,-1.2639068,-0.5476984,0.40252486
1808,-0.99463,-0.82438046,0.39543688
1809,-0.46681455,-1.0057113,0.4737625
1810,-0.15313141,-1.1572922,0.46058485
1811,0.42008358,-1.3195161,0.4817038
1812,0.66646475,-1.4516886,0.37158212
1813,1.4269083,1.3352051,0.56293213
1814,0.9797357,1.2069583,0.5915386
1815,0.16528451,1.1267469,0.5211
1816,-0.119641446,0.8103652,0.5637647
1817,-0.5671621,0.5860423,0.57819957
1818,-0.70860445,0.43128,0.5602021
1819,-0.6620795,-0.042268436,0.5617629
1820,-0.9219674,-0.3428302,0.5381073
1821,-0.37129635,-0.673352,0.58742356
1822,-0.38650894,-0.8057957,0.5664837
1823,0.2629937,-1.0132825,0.54239196
1824,0.65077865,-1.1170589,0.56388414
1825,1.4023569,-1.2934015,0.56611526
1826,1.022812,1.1544031,0.61479956
1827,0.5827189,0.90329427,0.6429878
1828,0.080671825,0.7775509,0.63148224
1829,-0.15122075,0.43193612,0.6456262
1830,-0.14227802,0.19187242,0.61580753
1831,-0.50644904,-0.10348821,0.5989363
1832,-0.053825703,-0.3181615,0.6340539
1833,-0.12892091,-0.4535776,0.60968584
1834,0.0827812,-0.821997,0.6258778
1835,0.54968923,-0.9177084,0.6448551
1836,1.1248208,-1.1470089,0.6232024
1837,1.325794,0.8228553,0.6747125
1838,0.7073401,0.5553116,0.6563551
1839,0.3478937,0.3887966,0.65408146
1840,0.4899638,0.30279464,0.69156253
1841,0.16888045,-0.06569758,0.6454551
1842,0.25245422,-0.32302824,0.6386391
1843,0.27024114,-0.50066406,0.673608
1844,0.6435246,-0.6081707,0.6552919
1845,1.0837337,-0.73896,0.6740047
1846,1.0133896,0.51459736,0.7039883
1847,0.84615767,0.3969387,0.68666166
1848,0.8258442,0.21104702,0.686316
1849,0.8636908,-0.015557025,0.6963423
1850,1.0109229,-0.16747895,0.72581136
1851,1.027777,-0.4443268,0.7061816
1852,1.1388471,-0.5089825,0.7040818
1853,1.0936996,0.15596634,-0.68126076
1854,0.73020524,0.030170888,-0.66128755
1855,0.75980884,-0.27584454,-0.6709943
1856,0.8305533,0.58117104,-0.6746631
1857,0.38383323,0.3845786,-0.610104
1858,0.3505772,0.31943765,-0.6394502
1859,0.26809308,-0.08379721,-0.6279256
1860,0.19161361,-0.3107011,-0.6360711
1861,0.54357815,-0.49447796,-0.6634475
1862,0.6497344,-0.65634876,-0.60556245
1863,0.8784948,0.8875965,-0.57798475
1864,0.47109896,0.7565572,-0.6047017
1865,-0.12316863,0.62438315,-0.5682477
1866,-0.3539251,0.18573777,-0.58047295
1867,-0.49571285,-0.09250517,-0.55831975
1868,-0.1765342,-0.23998488,-0.5793738
1869,-0.19671017,-0.49608812,-0.57039183
1870,0.22619823,-0.7853394,-0.5681818
1871,0.58879775,-0.8324,-0.5940993
1872,0.77715605,1.0757302,-0.53040326
1873,0.26480255,1.0832399,-0.50665754
1874,0.0886521,0.85558575,-0.52443594
1875,-0.43656176,0.59018576,-0.5117141
1876,-0.66531223,0.32060254,-0.47931615
1877,-0.7782187,-0.018429628,-0.5030042
1878,-0.92041016,-0.3015899,-0.4666387
1879,-0.53851867,-0.54567295,-0.48795223
1880,-0.123572044,-0.9233094,-0.47433373
1881,0.33920848,-1.0416286,-0.47059342
1882,0.5340837,-1.1592393,-0.4593098
1883,0.6179075,1.2173824,-0.41909304
1884,-0.12594506,1.1119808,-0.42850786
1885,-0.5333138,1.0379022,-0.34495547
1886,-0.8889041,0.73056257,-0.413401
1887,-1.0391546,0.44969696,-0.33651444
1888,-1.4048556,0.17922422,-0.334413
1889,-1.3029906,-0.46134868,-0.35871556
1890,-0.7577004,-0.6948183,-0.41301668
1891,-0.5409169,-1.0198368,-0.34844762
1892,-0.017489972,-1.2343898,-0.37445396
1893,0.49633753,-1.3661644,-0.3554797
1894,1.1178176,1.4879011,-0.27963385
1895,0.22429596,1.3898717,-0.2162422
1896,0.10667562,1.2686166,-0.27950576
1897,-0.52054095,1.106669,-0.25057226
1898,-1.0743302,0.9307742,-0.22803916
1899,-1.2663115,0.5273587,-0.17082533
1900,-1.4351943,0.15491834,-0.18564893
1901,-1.5344765,-0.48568845,-0.207498
1902,-1.0526327,-0.8488304,-0.22078699
1903,-0.6537208,-1.09946,-0.20971178
1904,-0.34381709,-1.1540065,-0.17707074
1905,0.34107298,-1.4127766,-0.18212542
1906,0.96927196,-1.5112077,-0.14437248
1907,0.77016276,1.4755065,0.007260305
1908,0.11217418,1.3765,0.008311392
1909,-0.024161836,1.2603571,0.081574716
1910,-0.80946857,1.0111879,0.042666744
1911,-1.1846738,0.74138254,-0.044087972
1912,-1.3996432,0.42502236,-0.067186356
1913,-1.5356208,0.029347455,-0.004122475
1914,-1.4283938,-0.5057701,0.03700792
1915,-1.1593533,-0.8072938,-0.07886444
1916,-0.9273294,-1.0330267,0.0018249778
1917,-0.23080975,-1.342327,0.060946763
1918,0.13385946,-1.3915948,-0.04535724
1919,0.85014814,-1.5178751,-0.03451385
1920,0.89660025,1.4567982,0.2739078
1921,0.37371042,1.2668439,0.2608676
1922,-0.021699902,1.3054523,0.1807552
1923,-0.612599,1.1739534,0.15726696
1924,-1.001489,0.90953076,0.17860033
1925,-1.3927238,0.45169497,0.13796264
1926,-1.4315258,-0.07240802,0.2156783
1927,-1.438268,-0.5724239,0.17717564
1928,-0.8671048,-0.84715873,0.23103096
1929,-0.7710444,-1.0023476,0.2592522
1930,-0.25100508,-1.1405743,0.27030957
1931,0.48066548,-1.3475356,0.18592387
1932,0.9798264,-1.4656044,0.21216612
1933,0.5239587,1.2308892,0.38704187
1934,-0.12039339,1.1732107,0.3240969
1935,-0.52960026,1.0199107,0.3360416
1936,-1.0652122,0.68019533,0.33492824
1937,-1.070416,0.3788294,0.35630444
1938,-1.2499738,0.15889971,0.39025837
1939,-0.9356894,-0.2302051,0.39821944
1940,-0.78749216,-0.74344754,0.30992565
1941,-0.48367113,-0.95952487,0.36302212
1942,-0.14354762,-1.076414,0.35999247
1943,0.6013579,-1.2762411,0.37274662
1944,0.82954174,1.1140217,0.5095271
1945,0.32866243,0.93398356,0.5311266
1946,-0.33958966,0.7940526,0.44830972
1947,-0.51737064,0.54123247,0.49910292
1948,-0.8593294,0.402089,0.4707065
1949,-0.7040543,-0.052013174,0.48408106
1950,-0.71528554,-0.2979681,0.44534487
1951,-0.2419176,-0.6734863,0.4718649
1952,-0.17504998,-0.82036203,0.4909591
1953,0.06311148,-1.033431,0.45275518
1954,0.90348816,-1.1521778,0.47471514
1955,0.8320342,0.8514391,0.5965085
1956,0.33374053,0.7092351,0.5471865
1957,0.16834553,0.4984137,0.5607582
1958,0.09059657,0.20882279,0.56219774
1959,-0.3527978,0.028816966,0.52080834
1960,-0.10897749,-0.35734192,0.57500935
1961,0.0043536704,-0.5948677,0.5655484
1962,0.23728752,-0.7019766,0.55528855
1963,0.74321276,-0.8678655,0.5876083
1964,0.86925894,0.6662307,0.61866516
1965,0.6425845,0.47618526,0.6378186
1966,0.52468276,0.29232797,0.6415338
1967,0.4185911,0.07535593,0.6119913
1968,0.42977837,-0.17043744,0.60949427
1969,0.65967464,-0.4582809,0.63124835
1970,0.71294326,-0.67859745,0.59587836
1971,0.94081205,0.19747455,0.66711664
1972,1.0525274,-0.02751752,0.6453219
1973,0.94881344,-0.24971606,0.6448803
1974,0.27400416,0.21100833,-0.59693485
1975,0.46055064,-0.086883016,-0.5772623
1976,0.5401127,-0.2852021,-0.60312355
1977,0.2444712,0.74871135,-0.5211154
1978,0.09769342,0.43915102,-0.50389963
1979,-0.11815001,0.20406605,-0.55110765
1980,-0.056387983,-0.039058693,-0.5321921
1981,-0.074198425,-0.3133886,-0.49897218
1982,0.07378567,-0.5552271,-0.5389412
1983,0.21612866,-0.64117086,-0.52990377
1984,0.55665237,1.0537435,-0.45452178
1985,0.19022891,0.78966683,-0.46119595
1986,-0.31362298,0.5443707,-0.4106177
1987,-0.53310895,0.31328282,-0.47026503
1988,-0.6812493,-0.059015382,-0.4369246
1989,-0.417021,-0.28790107,-0.43519434
1990,-0.39472416,-0.48028514,-0.44414595
1991,0.19436008,-0.8163837,-0.49725586
1992,0.3164827,-1.019178,-0.41347444
1993,0.17728867,1.0550206,-0.3370414
1994,-0.091923155,0.9187085,-0.3468844
1995,-0.73501164,0.593646,-0.32469726
1996,-0.9511796,0.38063586,-0.31611425
1997,-1.014087,0.06345383,-0.30438238
1998,-0.84265655,-0.26104784,-0.38777328
1999,-0.5370717,-0.7389038,-0.3412448
2000,-0.22014338,-0.9141116,-0.28210247
2001,0.19181964,-1.0750908,-0.31788236
2002,0.5953294,1.2887756,-0.12756027
2003,-0.14988317,1.1419084,-0.14841443
2004,-0.36016592,0.9581118,-0.20524149
2005,-0.79011863,0.701967,-0.24666497
2006,-1.2686697,0.28457215,-0.12495758
2007,-1.3360894,-0.15512837,-0.13064115
2008,-1.1045917,-0.4947462,-0.2345419
2009,-0.7125537,-0.8112693,-0.19365765
2010,-0.5984898,-0.9182419,-0.2116335
2011,0.059867736,-1.1627233,-0.23247802
2012,0.4188646,-1.2707752,-0.15673877
2013,0.5624299,1.3422964,-0.019123796
2014,0.014964674,1.1484567,-0.0237762
2015,-0.43067306,1.0196178,-0.07274953
2016,-1.1446216,0.65219873,-0.015343262
2017,-1.0502414,0.44109946,0.041842695
2018,-1.2053978,0.037827995,0.023359602
2019,-1.2640003,-0.2946471,-0.020406902
2020,-0.87706494,-0.7116276,-0.056950986
2021,-0.47277182,-0.9587956,-0.06254917
2022,0.07762551,-1.1722097,-0.022494206
2023,0.62218887,-1.2888397,-0.019141933
2024,0.41071397,1.2124183,0.13859104
2025,0.09435288,1.1063825,0.22196789
2026,-0.35998347,0.9241092,0.16204818
2027,-0.9412156,0.5987927,0.24328601
2028,-0.9587547,0.5106313,0.1349883
2029,-1.0749891,-0.11236149,0.2163193
2030,-1.0675781,-0.50304997,0.15570855
2031,-0.8311233,-0.57734823,0.18428108
2032,-0.533224,-0.95899004,0.18273796
2033,0.17185545,-1.188248,0.16951801
2034,0.7906227,-1.2867367,0.18093614
2035,0.1752405,1.0378258,0.36466178
2036,-0.24433714,0.9276993,0.32083523
2037,-0.42661643,0.71954906,0.30000845
2038,-1.0303515,0.2444027,0.30306408
2039,-0.84310454,0.022410495,0.2977329
2040,-0.71078163,-0.4249338,0.28365305
2041,-0.4426358,-0.6449349,0.30118692
2042,-0.29848206,-0.89956146,0.2879822
2043,0.23395552,-1.0762713,0.310064
2044,0.75093734,0.91118324,0.44478974
2045,0.0020528894,0.6985453,0.40498653
2046,-0.18441391,0.57987636,0.4342195
2047,-0.4671355,0.29051343,0.45321375
2048,-0.29365817,0.030399004,0.44406942
2049,-0.1938933,-0.22698608,0.44233337
2050,-0.1854571,-0.56003773,0.4225798
2051,0.049718723,-0.74138725,0.42280957
2052,0.68201953,-0.94882995,0.4615705
2053,0.47169498,0.7905069,0.49019176
2054,0.3003879,0.45429328,0.53028023
2055,0.05259088,0.30183446,0.51534146
2056,-0.14802845,-0.038306896,0.503205
2057,0.27254447,-0.29136962,0.5137799
2058,0.18576758,-0.51112884,0.48244125
2059,0.32348895,-0.6274292,0.51916724
2060,0.74796903,0.22969799,0.59237015
2061,0.64741546,-0.01895157,0.58793753
2062,0.44338948,-0.2411188,0.57494473
2063,-0.021731555,0.48955837,-0.43918294
2064,-0.17132397,0.36596754,-0.40461195
2065,-0.18421066,-0.0065676556,-0.40964308
2066,-0.29913533,-0.16603756,-0.41534996
2067,-0.047374777,-0.56470954,-0.38959467
2068,-0.04118152,0.7692617,-0.24064796
2069,-0.22077154,0.6638602,-0.28451377
2070,-0.49835908,0.29718113,-0.29927403
2071,-0.5007063,0.09982766,-0.29950067
2072,-0.7929382,-0.2681747,-0.26225698
2073,-0.304322,-0.5307996,-0.34189507
2074,-0.022886597,-0.7903118,-0.25591028
2075,-0.12321909,0.9693306,-0.116850704
2076,-0.51881945,0.49801135,-0.1686131
2077,-0.8447802,0.32395256,-0.17448772
2078,-0.98328215,-0.021755135,-0.15857
2079,-0.83820236,-0.43291274,-0.19509235
2080,-0.44638082,-0.6826732,-0.16615647
2081,-0.2213014,-0.87287986,-0.10416609
2082,-0.223579,0.9664602,0.028826281
2083,-0.6583165,0.66925466,-0.006102621
2084,-0.8233706,0.32933703,0.016648041
2085,-0.86033565,-0.0011138695,0.026467633
2086,-0.9417671,-0.21232642,-0.013705453
2087,-0.8471945,-0.5534242,-0.043991376
2088,-0.31822827,-0.78991383,0.009212584
2089,-0.41212314,0.8105908,0.16280486
2090,-0.53598976,0.65823835,0.11368093
2091,-0.8262557,0.2827044,0.17135446
2092,-0.9616532,-0.09188061,0.12109247
2093,-0.67520237,-0.26864347,0.18518229
2094,-0.39886957,-0.630095,0.13354318
2095,-0.3847507,-0.78797525,0.109277174
2096,0.068014205,0.8899853,0.2827265
2097,-0.3120033,0.6592646,0.26518297
2098,-0.52117616,0.31849265,0.30997938
2099,-0.7399173,-0.068367615,0.2702029
2100,-0.45113677,-0.29744828,0.26680163
2101,-0.35715798,-0.49148563,0.27739918
2102,-0.12134449,-0.7254827,0.30122095
2103,-0.042571686,0.46243784,0.36913705
2104,-0.30843216,0.2381044,0.35521376
2105,-0.077303365,-0.0106026605,0.38833883
2106,-0.28607985,-0.2929369,0.36284235
2107,0.09643456,-0.53350717,0.41817674
2108,-0.6261636,0.06760381,-0.05575385
